claim_id,roadmap_scope,claiming_surface,entry_source,owner_crate,claimed_effect,actual_terminal_effect,artifact_family,physical_writer,reader,durability_boundary,reopen_source,independent_verifier,classification,path_kind,candidate_search,trace_locations,probe_command,observed_result,disposition,target_milestone,review_notes
"ordinary-facade-physical-open","S.1-S.9","worth_store public facade","workspaces/worth-store/crates/worth-store/src/physical_runtime/runtime.rs::AdmittedPhysicalRuntime::try_admit_filesystem_media","worth-store","open a physical Store from a stable root","consumes the exact C.3 runtime into one move-only qualified local-filesystem owner with a stable decoded identity, real OS mutation lease, root-specific profile, concrete capability handles, and explicit shutdown result","namespace identity;mutation lock","worth-store-physical-backend filesystem media owner","worth-store physical runtime observer","identity file state sync, atomic publication, directory sync, and created-root parent sync","filesystem namespace plus stable identity record","independent named OS observer target","real_production_physical_behavior","ordinary","rg -n 'try_admit_filesystem_media|FilesystemMediaOwner::qualify|MediaOwnedPhysicalRuntime' workspaces/worth-store/crates/worth-store/src workspaces/worth-store/crates/worth-store-physical-backend/src/filesystem_media","workspaces/worth-store/crates/worth-store/src/physical_runtime;workspaces/worth-store/crates/worth-store-physical-backend/src/filesystem_media","cargo test -p worth-store --test physical_media_journeys --features certification-test-authority","C.4 creates and reopens real identity bytes, excludes a second process, linearizes lease release, and releases ownership after process death","implemented","C.4","The product facade owns the sealed runtime and consuming phase progression; the backend exposes one narrow qualification seam but cannot mint or promote runtime authority."
"ordinary-facade-physical-mutation","S.1-S.9","ServingPhysicalRuntime::record_submission and checkpoints","workspaces/worth-store/crates/worth-store/src/physical_runtime/record_serving/lifecycle/serving_runtime.rs::record_submission","worth-store","append read checkpoint compact close and reopen through one Store-owned runtime","admits an idempotent physical mutation then executes WAL append barrier data dispatch root replacement namespace durability settlement and acknowledgment as one identity-preserving progression; checkpoint work is separately serialized and Store-owned","wal segment;record data;root publication;checkpoint;idempotency binding","worth-store-physical-backend admitted filesystem media","ordinary record reader and bounded WAL or checkpoint observations","acknowledgment follows root namespace durability; checkpoint completion follows namespace-durable publication","workspaces/worth-store/crates/worth-store/src/physical_runtime/instance/durability_bootstrap.rs","independent bounded WAL inspection plus fresh-process record checkpoint and idempotency journeys","real_production_physical_behavior","ordinary","rg -n 'record_submission|prepare_durable_append|checkpoints|reopen_durability_basis' workspaces/worth-store/crates/worth-store/src/physical_runtime","workspaces/worth-store/crates/worth-store/src/physical_runtime/record_serving/lifecycle/serving_runtime.rs;workspaces/worth-store/crates/worth-store/src/physical_runtime/record_serving/publication/director/submission.rs;workspaces/worth-store/crates/worth-store/src/physical_runtime/instance/durability_bootstrap.rs","cargo test -p worth-store --features certification-test-authority --test physical_record_journeys durability_admission::","ordinary durability journeys prove exact completion and reopen while compile tests deny bypass authority","implemented","C.7","The ordinary facade is now the single production mutation and checkpoint entry. Worth Proof outcomes describe posture; Signal schedules work; only Store progression plus C.4 media effects establish physical truth."
"physical-runtime-authority-clone","S.1","InMemoryPhysicalFormatModel","workspaces/worth-store/crates/worth-store-physical-format/src/in_memory_physical_format_model/storage/state.rs::InMemoryPhysicalFormatModel","worth-store-physical-format","sole physical runtime authority","cloneable heap state remains only as an honestly named in-memory format model and cannot satisfy PhysicalStore admission","none","none","model callers","none","cloned heap state","none","quarantined_false_claim","disconnected","rg -n 'derive.*Clone|struct InMemoryPhysicalFormatModel' workspaces/worth-store/crates/worth-store-physical-format/src","workspaces/worth-store/crates/worth-store-physical-format/src/in_memory_physical_format_model/storage/state.rs::InMemoryPhysicalFormatModel;workspaces/worth-store/crates/worth-store/tests/physical_runtime_authority/non_authority_values_cannot_admit.rs","cargo test -p worth-store --test physical_runtime_authority_ui","compiler permits cloning model data but rejects promotion into runtime authority","quarantine_outside_production","C.3","Resolved in C.3 by creating the move-only canonical runtime and removing every old runtime name and alias."
"physical-runtime-open-empty-heap","S.1","InMemoryPhysicalFormatModel::start_empty_model","workspaces/worth-store/crates/worth-store-physical-format/src/in_memory_physical_format_model/operation/restore.rs::start_empty_model","worth-store-physical-format","open the canonical physical format","constructs empty Vec and map model state after validating an S.1 digest handoff; accepts no store root and is not runtime admission","none","none","InMemoryPhysicalFormatModel","none","empty heap","none","quarantined_false_claim","disconnected","rg -n 'start_empty_model|InMemoryPhysicalFormatModelStorage::empty' workspaces/worth-store/crates/worth-store-physical-format/src","workspaces/worth-store/crates/worth-store-physical-format/src/in_memory_physical_format_model/operation/restore.rs::start_empty_model;workspaces/worth-store/crates/worth-store-physical-format/src/in_memory_physical_format_model/storage/model_storage.rs::empty","cargo test -p worth-store --test physical_runtime_authority_ui","model construction remains heap-only and compiler-ineligible for runtime promotion","quarantine_outside_production","C.3","Resolved as an authority conflict in C.3; C.5 decides which model algorithms survive behind real media."
"physical-runtime-page-append","S.1","InMemoryPhysicalFormatModel::append_physical_record page slot","workspaces/worth-store/crates/worth-store-physical-format/src/in_memory_physical_format_model/operation/append.rs::append_page_slot_record","worth-store-physical-format","append a framed page record physically","encodes bytes then replaces StoredPageBytes in a Vec and increments append/write counters","page","none","heap page access","none","live heap Vec","in-memory OfflinePhysicalVerifier over copied layout","production_in_memory_behavior","disconnected","rg -n 'append_physical_record|replace_page_payload' workspaces/worth-store/crates/worth-store-physical-format/src","workspaces/worth-store/crates/worth-store-physical-format/src/in_memory_physical_format_model/operation/append.rs::apply_page_slot_storage_mutation;workspaces/worth-store/crates/worth-store-physical-format/src/in_memory_physical_format_model/storage/model_storage.rs::replace_page_payload","not_required","encoded page bytes exist only in process memory","refactor_before_connection","C.5","The byte grammar is preservable; media execution is absent."
"physical-runtime-extent-append","S.1","InMemoryPhysicalFormatModel::append_physical_record extent","workspaces/worth-store/crates/worth-store-physical-format/src/in_memory_physical_format_model/operation/append.rs::append_extent_record","worth-store-physical-format","append an extent-backed record physically","encodes bytes then inserts or replaces StoredExtentBytes in a Vec and increments append/write counters","extent","none","heap extent access","none","live heap Vec","in-memory OfflinePhysicalVerifier over copied layout","production_in_memory_behavior","disconnected","rg -n 'append_extent_record|put_extent' workspaces/worth-store/crates/worth-store-physical-format/src","workspaces/worth-store/crates/worth-store-physical-format/src/in_memory_physical_format_model/operation/append.rs::apply_extent_storage_mutation;workspaces/worth-store/crates/worth-store-physical-format/src/in_memory_physical_format_model/storage/model_storage.rs::put_extent","not_required","encoded extent bytes exist only in process memory","refactor_before_connection","C.5","Extent framing is substrate but not persistence."
"physical-runtime-locate-read","S.1","InMemoryPhysicalFormatModel physical access handles","workspaces/worth-store/crates/worth-store-physical-format/src/in_memory_physical_format_model/operation/physical_access.rs","worth-store-physical-format","locate and read physical records","looks up Vec-backed page or extent bytes through an in-memory reference index","page;extent","none","runtime access handles","none","live heap collections","none","production_in_memory_behavior","disconnected","rg -n 'page_access|extent_access|page_for_reference|extent_for_reference' workspaces/worth-store/crates/worth-store-physical-format/src","workspaces/worth-store/crates/worth-store-physical-format/src/in_memory_physical_format_model/operation/physical_access.rs;workspaces/worth-store/crates/worth-store-physical-format/src/in_memory_physical_format_model/storage/model_storage.rs::page_for_reference","not_required","reads require the same live runtime or a supplied replay layout","refactor_before_connection","C.5","C.6 later routes ordinary access through bounded residency."
"physical-runtime-root-publication","S.1","InMemoryPhysicalFormatModel model-only root publication","workspaces/worth-store/crates/worth-store-physical-format/src/in_memory_physical_format_model/operation/root_publication.rs::publish_physical_root","worth-store-physical-format","model physical-format root transitions for certification and claim-boundary evidence","encodes manifest byte vectors into heap storage and records modeled flush and rename counters; it grants no Store execution acknowledgment or media authority","root manifest;segment manifest;extent manifest;free space map","none","model restoration and certification evidence","none","live heap manifest vectors","in-memory manifest verifier","production_in_memory_behavior","disconnected","rg -n 'InMemoryPhysicalFormatModel|publish_physical_root' workspaces/worth-store/crates/worth-store-physical-format workspaces/worth-store/crates/worth-store-claim-boundaries","workspaces/worth-store/crates/worth-store-physical-format/src/in_memory_physical_format_model/operation/root_publication.rs;workspaces/worth-store/crates/worth-store-claim-boundaries/src/promotion.rs","cargo test -p worth-store-physical-format","model tests prove format behavior without claiming filesystem durability","quarantine_outside_production","C.7","Preserve this only as explicitly non-authoritative model and certification evidence. Canonical root execution lives under worth-store physical_runtime and cannot be constructed from model evidence."
"physical-runtime-layout-scan","S.1","InMemoryPhysicalFormatModel::scan_physical_layout","workspaces/worth-store/crates/worth-store-physical-format/src/in_memory_physical_format_model/operation/scan.rs::scan_physical_layout","worth-store-physical-format","verify and scan the physical store","materializes a complete PersistedPhysicalLayout from heap vectors and compares two views of the same runtime state","layout snapshot","none","certification and layout-index callers","none","copied heap layout","OfflinePhysicalVerifier sharing the supplied layout","production_in_memory_behavior","disconnected","rg -n 'scan_physical_layout|persisted_layout' workspaces/worth-store/crates/worth-store-physical-format/src","workspaces/worth-store/crates/worth-store-physical-format/src/in_memory_physical_format_model/operation/scan.rs::verify_persisted_layout_for_scan;workspaces/worth-store/crates/worth-store-physical-format/src/in_memory_physical_format_model/storage/model_storage.rs::persisted_layout","not_required","scan performs whole-layout allocation and no media read","quarantine_outside_production","C.5","May remain bounded offline/test representation only after ordinary path removal."
"physical-runtime-replay-reopen","S.1","InMemoryPhysicalFormatModel::restore","workspaces/worth-store/crates/worth-store-physical-format/src/in_memory_physical_format_model/operation/restore.rs::restore","worth-store-physical-format","reopen persisted physical bytes","consumes InMemoryPhysicalFormatReplayArtifact containing a cloned PersistedPhysicalLayout and reconstructs model storage only","all physical layout families","none","InMemoryPhysicalFormatModel","none","caller-supplied replay artifact","OfflinePhysicalVerifier over caller-supplied layout","quarantined_false_claim","disconnected","rg -n 'InMemoryPhysicalFormatReplayArtifact|PersistedPhysicalLayout|restore' workspaces/worth-store/crates/worth-store-physical-format/src","workspaces/worth-store/crates/worth-store-physical-format/src/in_memory_physical_format_model/operation/restore.rs::restore;workspaces/worth-store/crates/worth-store-physical-format/src/in_memory_physical_format_model/replay_artifact.rs;workspaces/worth-store/crates/worth-store/tests/physical_runtime_authority/non_authority_values_cannot_admit.rs","cargo test -p worth-store --test physical_runtime_authority_ui","restore needs supplied model state, discovers no files, and cannot satisfy canonical runtime admission","quarantine_outside_production","C.5/C.8","C.3 removed supplied replay from the authority path; C.5 and C.8 replace it with real reopen and recovery."
"physical-format-byte-grammar","S.1","physical headers records manifests references","workspaces/worth-store/crates/worth-store-physical-format/src/lib.rs","worth-store-physical-format","define stable physical byte meaning","encodes decodes and validates byte slices without owning media effects","page;extent;manifest;reference","none","format and verifier callers","none","caller-owned byte slices","format-local verifier","isolated_real_mechanism","disconnected","rg -n 'encode_|decode_|PhysicalHeaderAuthority|OfflineManifestCodec' workspaces/worth-store/crates/worth-store-physical-format/src","workspaces/worth-store/crates/worth-store-physical-format/src/header;workspaces/worth-store/crates/worth-store-physical-format/src/record_framing;workspaces/worth-store/crates/worth-store-physical-format/src/manifest","not_required","stable encoders and validators exist but ordinary files do not","preserve","C.5","Byte grammar remains the correct owner and should be adopted by the real record path."
"backend-durability-file-runtime","S.1/S.4","retired StoreDurabilityRuntime","workspaces/worth-store/crates/worth-store-physical-backend/src/durability_ordering/execution/file_runtime.rs::StoreDurabilityRuntime","worth-store-physical-backend","formerly performed generic durability execution behind a parallel runtime object","the runtime and directory are deleted; retained file sync directory sync rename and exact artifact effects are methods of the one admitted filesystem media owner and are invoked only through typed Store work ports","none","none","none","none","none","source absence plus C7 cutover gates","deleted_false_authority","absent","rg -n 'StoreDurabilityRuntime|durability_ordering/execution/file_runtime' workspaces/worth-store/crates/worth-store-physical-backend/src workspaces/worth-store/crates/worth-store/src","workspaces/worth-store/crates/worth-store-physical-backend/src/filesystem_media/file_synchronization.rs;workspaces/worth-store/crates/worth-store-physical-backend/src/filesystem_media/directory_synchronization.rs;workspaces/worth-store/crates/worth-store-physical-backend/src/filesystem_media/artifact_tree/publication_effect","cargo test -p store-test-runner durable_publication_boundary_gate::cutover::","cutover gates prove the parallel runtime path and type are absent while exact media mechanisms remain","deleted","C.7","Delete the parallel runtime authority; preserve only capability-qualified C.4 media mechanisms reached through Store-owned typed commands."
"wal-file-backed-append","S.4","PhysicalRecordSubmission::prepare_durable_append then PreparedPhysicalMutation::start","workspaces/worth-store/crates/worth-store/src/physical_runtime/record_serving/publication/director/submission.rs::prepare_durable_append","worth-store","append exact prepared group members through the canonical Store durability progression","binds idempotency lease request fingerprint persisted attempt identity member redo LSN and artifact range then lowers a sealed group through Signal scheduling and the C.4 exact artifact append effect before a separate WAL barrier","canonical WAL segment","worth-store-physical-backend admitted filesystem media owner","ordinary managed mutation observation and bounded WAL inspection","append completion is not durability; the next typed state alone admits the required WAL barrier","Store-owned reopened WAL inventory and persisted attempt bindings","independent worth-store-wal bounded segment verifier","real_production_physical_behavior","ordinary","rg -n 'prepare_durable_append|append_prepared_wal_group|append_prepared_group|append_scheduled_artifact_exact_at' workspaces/worth-store/crates/worth-store/src workspaces/worth-store/crates/worth-store-physical-backend/src","workspaces/worth-store/crates/worth-store/src/physical_runtime/record_serving/publication/director/submission.rs;workspaces/worth-store/crates/worth-store/src/physical_runtime/durability/wal;workspaces/worth-store/crates/worth-store/src/physical_runtime/instance/executor/wal_append.rs","cargo test -p worth-store --features certification-test-authority --test physical_record_journeys durability_admission::wal_","ordinary journeys independently verify contiguous frames torn-effect sealing group identity and later barrier ordering","implemented","C.7","The public entry prepares rather than directly appends. Compile-visible states forbid data dispatch root publication or acknowledgment from an append receipt alone."
"buffer-pool-residency","S.2","worth_store bounded physical record access facade","workspaces/worth-store/crates/worth-store/src/physical_runtime/instance/residency_owner.rs","worth-store","bound ordinary physical record residency through one Store-owned pool","constructs one admitted PhysicalResidencyPool per serving Store and routes ordinary reads candidate publication dirty settlement and speculative work through that owner","resident physical frames","worth-store candidate publication and exact writeback progression","PhysicalRecordReader and RecordReadSession","dirty-frame settlement only; WAL and checkpoint ordering remain C.7","PhysicalStore open plus the current root manifest","Store residency observation plus independent allocation and media courtrooms","real_production_physical_behavior","ordinary","rg -n 'PhysicalResidencyOwner|PhysicalResidencyPool|RecordReadSession' workspaces/worth-store/crates/worth-store/src workspaces/worth-store/crates/worth-store-buffer-pool/src","workspaces/worth-store/crates/worth-store/src/physical_runtime/instance/residency_owner.rs;workspaces/worth-store/crates/worth-store/src/physical_runtime/instance/construction.rs;workspaces/worth-store/crates/worth-store/src/physical_runtime/record_serving/access/locate.rs;workspaces/worth-store/crates/worth-store-buffer-pool/src/physical_residency","cargo test -p worth-store --test physical_record_journeys --all-features","ordinary cold hot eviction refault borrowed-view bounded-copy dirty and pressure journeys execute against the joined Store pool","implemented","C.6","The pool owns residency mechanics; Store owns composition lifecycle public observation and successor admission."
"buffer-pool-snapshot-admission","S.2 handoff","deleted S2PhysicalResidencyEntry snapshot authority","_docs/worth-store/physical-reconstruction-c6-removal-ledger.csv::crates/worth-store-buffer-pool/src/entry.rs","worth-store-buffer-pool","admit residency from caller-constructed readiness counts","deleted with no renamed replacement; Store admits a complete residency policy against the physical format and privately constructs the lower pool","none","none","none","none","none","source and metadata absence gates","deleted_false_authority","deleted","rg -n 'S2PhysicalResidencyEntry|from_physical_substrate_snapshot|PhysicalSubstrateReadinessSnapshot::from_exact_counts' workspaces/worth-store","_docs/worth-store/physical-reconstruction-c6-removal-ledger.csv;workspaces/worth-store/crates/worth-store/src/physical_runtime/record_serving/admission/residency_policy;workspaces/worth-store/tools/store-test-runner/src/physical_residency_boundary_gate/removal_inventory.rs","cargo test -p store-test-runner physical_residency_boundary_gate::removal_inventory --all-features","the deleted path is absent and controlled reintroduction is rejected by the removal inventory","deleted","C.6","Count snapshots can no longer become production residency authority; admitted Store policy is a different current boundary rather than a compatibility replacement."
"recovery-physics-wal-execution","S.4 certification","retired recovery-physics WAL executor","workspaces/worth-store/crates/worth-store-recovery-physics/src/wal_durability/certification_probe.rs","worth-store-recovery-physics","formerly exercised WAL durability as a second execution lane","the wal_durability executor directory is deleted; recovery physics now validates descriptive append barrier crash and reopen observations under wal_recovery_basis without executing media or constructing Store progression authority","none","none","recovery and certification consumers of bounded facts","none","persisted WAL observation inputs","typed observation validation and independent artifact verification","deleted_false_authority","absent","rg -n 'wal_durability|execute_wal_durability|wal_recovery_basis' workspaces/worth-store/crates/worth-store-recovery-physics/src","workspaces/worth-store/crates/worth-store-recovery-physics/src/wal_recovery_basis/mod.rs;workspaces/worth-store/crates/worth-store-recovery-physics/src/wal_recovery_basis/append_receipt.rs;workspaces/worth-store/crates/worth-store-recovery-physics/src/wal_recovery_basis/durability_observation.rs","cargo test -p worth-store-recovery-physics","recovery tests validate facts while source gates prove no recovery-owned WAL execution path survives","deleted","C.7","Recovery physics retains descriptive replay and crash facts only. It receives no ordinary execution media acknowledgment or reclamation authority."
"recovery-integrity-model-admission","S.3-S.4 handoff","IntegrityHandoffAdmission::admit_model_payload","workspaces/worth-store/crates/worth-store-recovery-physics/src/integrity_handoff/admission.rs","worth-store-recovery-physics","admit integrity-vetted input into recovery","checks a caller-constructible PhysicalIntegrityReadinessPayload and admits lower-level recovery input; the API is now explicitly model-only and cannot claim S.3 readiness","integrity and recovery model payloads","none","recovery algorithms and test-support callers","none","caller-supplied payload","none","quarantined_false_claim","disconnected","rg -n 'IntegrityHandoffAdmission|PhysicalIntegrityReadinessPayload|from_integrity_model_payload' workspaces/worth-store/crates","workspaces/worth-store/crates/worth-store-recovery-physics/src/integrity_handoff/admission.rs;workspaces/worth-store/crates/worth-store-physical-integrity/src/admission/entry/entry_admission.rs;workspaces/worth-store/crates/worth-store-readiness/src/physical_integrity/readiness.rs","not_required","raw model data can exercise recovery algorithms but cannot construct the sealed readiness type; misleading readiness-admission names were removed","refactor_before_connection","C.8","C.8 must consume an earned integrity handoff from the joined runtime; C.9 owns the physical-integrity authority seam, whose current crate placement creates a dependency-cycle constraint."
"physical-integrity-runtime-guard","S.3","integrity admission scrub quarantine and verifier surfaces","workspaces/worth-store/crates/worth-store-physical-integrity/src/lib.rs","worth-store-physical-integrity","reject damaged bytes before ordinary interpretation","validates caller-provided or buffer-owned byte views; InMemoryPhysicalFormatModel does not depend on this crate","physical checksums and observations","none","integrity and certification callers","none","caller-supplied bytes and views","integrity-local verifier","isolated_real_mechanism","disconnected","rg -n 'InMemoryPhysicalFormatModel|checksum|scrub|quarantine|verify' workspaces/worth-store/crates/worth-store-physical-integrity/src workspaces/worth-store/crates/worth-store-physical-format/src","workspaces/worth-store/crates/worth-store-physical-integrity/Cargo.toml;workspaces/worth-store/crates/worth-store-physical-format/Cargo.toml","not_required","strong integrity vocabulary exists outside ordinary decode and reopen","connect_in_target_milestone","C.9","C.9 adopts checks into every real artifact path and independent verifier."
"physical-isolation-root-log","S.5","retired PhysicalRootPublicationStore","workspaces/worth-store/crates/worth-store-physical-isolation/src/publication/store.rs::PhysicalRootPublicationStore","worth-store-physical-isolation","formerly published a separate root-publications.log authority","the publication directory and root log are deleted; canonical root candidate write replacement directory synchronization and acknowledgment now occur inside the Store-owned mutation progression over the admitted C.4 media owner","none","none","none","none","none","source absence plus canonical root progression tests","deleted_false_authority","absent","rg -n 'PhysicalRootPublicationStore|root-publications.log|CatalogReplacementEligibility' workspaces/worth-store/crates/worth-store-physical-isolation/src workspaces/worth-store/crates/worth-store/src/physical_runtime","workspaces/worth-store/crates/worth-store/src/physical_runtime/record_serving/publication/director/root_progression.rs;workspaces/worth-store/crates/worth-store/src/physical_runtime/durability/mutation/progression/root_replaced.rs;workspaces/worth-store/crates/worth-store/src/physical_runtime/durability/mutation/progression/root_namespace_durable.rs","cargo test -p worth-store --features certification-test-authority --test physical_record_journeys durability_admission::data_durability::","root progression journeys prove one catalog and namespace publication authority while deletion gates reject the parallel log","deleted","C.7","The pure admission meaning may remain under physical isolation; its independent writer log and authority type do not."
"io-scheduler-backend-work","S.6","I/O scheduler queues and admission","workspaces/worth-store/crates/worth-store-io-scheduler/src/lib.rs","worth-store-io-scheduler","schedule foreground and maintenance physical I/O","owns scheduling contracts and can compose backend/isolation in dedicated lanes; InMemoryPhysicalFormatModel performs no scheduler submission","scheduled work","backend-specific callers","scheduler and certification callers","owner-specific","explicit work requests","scheduler evidence","isolated_real_mechanism","disconnected","rg -n 'InMemoryPhysicalFormatModel|schedule|queue|submit|execute' workspaces/worth-store/crates/worth-store-io-scheduler/src workspaces/worth-store/crates/worth-store-physical-format/src","workspaces/worth-store/crates/worth-store-io-scheduler/Cargo.toml;workspaces/worth-store/crates/worth-store-physical-format/Cargo.toml","not_required","scheduler is not on heap runtime read write or publication paths","connect_in_target_milestone","C.10","Preserve policy and admission concepts; bind only after real media operations exist."
"maintenance-physical-effects","S.6/S.8","maintenance orchestration contracts","workspaces/worth-store/crates/worth-store-maintenance/src/lib.rs","worth-store-maintenance","run scrub compaction rewrite and reclaim against the production store","composes subsystem contracts but has no canonical InMemoryPhysicalFormatModel or media root entry","maintenance artifacts","none","maintenance and certification callers","none","subsystem plans and observations","certification","vocabulary_without_execution","disconnected","rg -n 'InMemoryPhysicalFormatModel|compact|rewrite|reclaim|scrub|execute' workspaces/worth-store/crates/worth-store-maintenance/src","workspaces/worth-store/crates/worth-store-maintenance/Cargo.toml;workspaces/worth-store/crates/worth-store-maintenance/src/lib.rs","not_required","no ordinary physical artifact path is reachable","refactor_before_connection","C.10","Maintenance policies must be rebound to real roots leases scheduling and media."
"layout-index-physical-access","S.8","B-tree LSM layout and degraded scan surfaces","workspaces/worth-store/crates/worth-store-layout-indexes/src/lib.rs","worth-store-layout-indexes","provide physical indexed access over Store pages","uses InMemoryPhysicalFormatModel in staged/degraded/test paths and separate LSM mechanisms; ordinary worth-store facade does not expose the joined path","index and LSM artifacts","various isolated backend or preexisting-file paths","layout and certification callers","subsystem-specific","fixtures replay artifacts or preexisting persisted paths","layout-local verification","isolated_real_mechanism","disconnected","rg -n 'InMemoryPhysicalFormatModel|PersistedPhysicalLayout|InMemoryPhysicalFormatReplayArtifact|std::fs' workspaces/worth-store/crates/worth-store-layout-indexes/src","workspaces/worth-store/crates/worth-store-layout-indexes/src/access/execution;workspaces/worth-store/crates/worth-store-layout-indexes/src/recovery;workspaces/worth-store/crates/worth-store-layout-indexes/Cargo.toml","not_required","layout code has strong local paths but no canonical file-backed page runtime","refactor_before_connection","C.11","Delete fixture-only authority as each family is adopted."
"lsm-membership-persist-record","S.8","persist_lsm_membership_record","workspaces/worth-store/crates/worth-store-lsm-authority/src/membership/runtime/persistence/operation.rs::persist_lsm_membership_record","worth-store-lsm-authority","persist LSM membership authority","verifies that a separately persisted file range matches then records membership in an in-memory session","LSM membership record","external prior writer","LSM membership session","external prior durability","preexisting canonicalized path","byte-range comparison","isolated_real_mechanism","disconnected","rg -n 'persist_lsm_membership_record|write_all|canonicalize' workspaces/worth-store/crates/worth-store-lsm-authority/src","workspaces/worth-store/crates/worth-store-lsm-authority/src/membership/runtime/persistence/operation.rs","not_required","the method named persist does not write the record; it admits prior bytes into heap membership","refactor_before_connection","C.11","Keep admission semantics but make writer and membership publication one owned progression."
"blob-native-storage","S.7","blob chunk ingest read backup and recovery surfaces","workspaces/worth-store/crates/worth-store-blob-chunks/src/lib.rs","worth-store-blob-chunks","store and stream native content-addressed chunks","contains strong chunk and backup verification mechanisms plus test/certification file paths but no ordinary facade composition with the heap runtime","blob chunks and manifests","isolated backend and backup paths","blob and certification callers","subsystem-specific","subsystem artifacts and fixtures","offline verifier and digest checks","isolated_real_mechanism","disconnected","rg -n 'std::fs|write_all|InMemoryPhysicalFormatModel|chunk|stream' workspaces/worth-store/crates/worth-store-blob-chunks/src","workspaces/worth-store/crates/worth-store-blob-chunks/Cargo.toml;workspaces/worth-store/crates/worth-store-blob-chunks/src/backup_verification","not_required","some real artifact handling exists but not one native Store page WAL recovery path","refactor_before_connection","C.11","C.11 owns native adoption and removal of sidecar or fixture paths."
"physical-budget-enforcement","S.2/S.6","Store residency policy and PhysicalResidencyPool allocation admission","workspaces/worth-store/crates/worth-store/src/physical_runtime/record_serving/admission/residency_policy/builder.rs","worth-store","bound memory for ordinary physical operations without claiming scheduled I/O policy","the admitted Store policy and lower pool enforce resident metadata dirty replacement aggregate operation per-scope and speculative frame ceilings before allocation or mutation","resident frames;operation allocations;dirty replacement","worth-store physical work runtime","RecordReadSession and Store successor scopes","none","admitted policy retained by the serving Store","Store residency counters allocation events pressure evidence and independent allocation observers","real_production_physical_behavior","ordinary","rg -n 'PhysicalRecordResidencyPolicy|begin_operation|PhysicalResidencyDimension' workspaces/worth-store/crates/worth-store/src workspaces/worth-store/crates/worth-store-buffer-pool/src","workspaces/worth-store/crates/worth-store/src/physical_runtime/record_serving/admission/residency_policy;workspaces/worth-store/crates/worth-store-buffer-pool/src/physical_residency/operation_allocation.rs;workspaces/worth-store/crates/worth-store-buffer-pool/src/physical_residency/pool/operation_accounting.rs;workspaces/worth-store/crates/worth-store/src/physical_runtime/record_serving/residency/residency_observation","cargo test -p worth-store --test physical_record_journeys --all-features","ordinary and successor-scope journeys deny before exceeding the admitted memory envelope and reconcile exact release observations","implemented","C.6","C.6 owns physical memory admission. Scheduler admission exists separately; C.10 still owns semantic isolation fairness and QoS rather than being implied by these memory limits."
"physical-reclaim-policy","S.5/S.7/S.8","reclaim admission and reachability policy","workspaces/worth-store/crates/worth-store-reclaim-policy/src/lib.rs","worth-store-reclaim-policy","safely reclaim unreachable physical artifacts","defines policy and certification lanes over supplied reachability and lease facts; no canonical runtime artifact deletion is called","reclaim candidates","none","blob layout tiering and certification callers","none","supplied policy facts","certification","vocabulary_without_execution","disconnected","rg -n 'reclaim|delete|remove_file|InMemoryPhysicalFormatModel' workspaces/worth-store/crates/worth-store-reclaim-policy/src","workspaces/worth-store/crates/worth-store-reclaim-policy/src/lib.rs;workspaces/worth-store/crates/worth-store-reclaim-policy/Cargo.toml","not_required","reclaim decisions are not joined to real Store artifacts or stable readers","refactor_before_connection","C.10","C.10 owns lease-safe deletion; C.11 adopts blob and index families."
"physical-retention-policy","S.5/S.8","retention and cleanup policy","workspaces/worth-store/crates/worth-store-retention/src/lib.rs","worth-store-retention","retain and clear physical generations safely","provides policy decisions to maintenance and blob paths without owning canonical runtime generations or media deletion","retained generations","none","maintenance blob and tiering callers","none","supplied retention facts","policy tests","vocabulary_without_execution","disconnected","rg -n 'retain|cleanup|delete|InMemoryPhysicalFormatModel' workspaces/worth-store/crates/worth-store-retention/src","workspaces/worth-store/crates/worth-store-retention/src/lib.rs;workspaces/worth-store/crates/worth-store-maintenance/Cargo.toml","not_required","policy exists without the stable physical namespace it must govern","refactor_before_connection","C.10","C.10 binds retention to leases publication and reclaim."
"physical-tier-movement","S.7","blob and artifact tier movement","workspaces/worth-store/crates/worth-store-tiering/src/lib.rs","worth-store-tiering","move physical artifacts across storage tiers","owns tier policy and certification mechanisms over explicit artifacts; ordinary Store runtime has no tier-aware media path","tiered chunks and artifacts","isolated tier and backup writers","blob replication and certification callers","tier-specific","explicit artifact paths","digest and certification checks","isolated_real_mechanism","disconnected","rg -n 'std::fs|tier|move|copy|InMemoryPhysicalFormatModel' workspaces/worth-store/crates/worth-store-tiering/src","workspaces/worth-store/crates/worth-store-tiering/src/lib.rs;workspaces/worth-store/crates/worth-store-tiering/Cargo.toml","not_required","tiering can manipulate real side artifacts but not canonical Store pages WAL or roots","refactor_before_connection","C.11","Adopt only after native blob and artifact families share the physical platform."
"physical-security-metadata","S.3/S.7","physical security scopes envelopes keys and authenticity","workspaces/worth-store/crates/worth-store-security/src/lib.rs","worth-store-security","protect physical artifacts and scope access","defines security identities admissions and metadata consumed by isolated owners; heap runtime construction has no admitted store root or unified media security boundary","security metadata","none","backend buffer integrity blob and certification callers","none","caller-supplied authority and metadata","security owner checks","isolated_real_mechanism","disconnected","rg -n 'InMemoryPhysicalFormatModel|encrypt|authentic|key|scope' workspaces/worth-store/crates/worth-store-security/src workspaces/worth-store/crates/worth-store-physical-format/src","workspaces/worth-store/crates/worth-store-security/src/lib.rs;workspaces/worth-store/crates/worth-store-physical-format/src/security_metadata","not_required","security vocabulary and format fields exist but are not one root-owned artifact protection path","refactor_before_connection","C.9","C.9 binds authenticity and integrity to every real artifact; C.11 carries it into blobs."
"physical-certification-process-harness","S.1-S.10 certification","fresh process crash offline truth and process probes","workspaces/worth-store/crates/worth-store-physical-certification/src/lib.rs","worth-store-physical-certification","prove process death persisted artifacts and independent reopen","launches real processes and inspects explicit fixtures or operational artifacts; it cannot drive an ordinary root-taking Store facade because none exists","certification artifacts","certification child and fixture writers","certification courtroom","scenario-specific","explicit fixture and process artifact paths","fresh certification process","certification_only_mechanism","certification","rg -n 'Command|process|File::|std::fs|InMemoryPhysicalFormatModel' workspaces/worth-store/crates/worth-store-physical-certification/src","workspaces/worth-store/crates/worth-store-physical-certification/src/process_probe;workspaces/worth-store/crates/worth-store-physical-certification/src/fresh_process_offline_truth;workspaces/worth-store/crates/worth-store-physical-certification/src/fixtures","not_required","process infrastructure is real but its physical subject is fixture or operational substrate rather than the ordinary database","preserve","C.13","Preserve the harness and replace its subject with the joined runtime during recertification."
"backend-backup-materialization","S.7/S.10","physical backend backup materialization session","workspaces/worth-store/crates/worth-store-physical-backend/src/backup_materialization/session.rs","worth-store-physical-backend","materialize and publish bounded backup artifacts","writes real backup bundle files for an explicit source set and session; canonical heap runtime does not supply authoritative database artifacts","backup bundle","backup materialization session","backup operations and certification callers","backup publication barriers","explicit backup session directory","bundle revalidation","isolated_real_mechanism","reconstructive","rg -n 'backup_materialization|write_all|sync_all|rename' workspaces/worth-store/crates/worth-store-physical-backend/src","workspaces/worth-store/crates/worth-store-physical-backend/src/backup_materialization;workspaces/worth-store/crates/worth-store-operations/src/certification_scenario/backup.rs","not_required","real backup publication cannot compensate for a nonphysical source runtime","refactor_before_connection","C.11","Preserve bounded publication and rebind its source set after native artifact adoption."
"formal-owner-conformance","S.9","checked physical protocol models and refinement bindings","workspaces/worth-store/crates/worth-store-formal-models/src/lib.rs","worth-store-formal-models","prove real owner transition protocols","runs checked models and artifact-producing model runners over named owner abstractions; current physical runtime transitions are heap-only or disconnected","model traces and counterexamples","formal model artifact writer","formal and certification callers","model execution completion","model artifact files","model runner","certification_only_mechanism","certification","rg -n 'InMemoryPhysicalFormatModel|model|invariant|artifact|write' workspaces/worth-store/crates/worth-store-formal-models/src","workspaces/worth-store/crates/worth-store-formal-models/Cargo.toml;workspaces/worth-store/crates/worth-store-formal-models/src/runner","not_required","model success cannot certify absent owner transitions","refactor_before_connection","C.12","Preserve models but remap only after C.7-C.11 transitions are executable."
"operations-control-store","S.10 unadmitted","operational workflow and control-store persistence","workspaces/worth-store/crates/worth-store-operations/src/control_store","worth-store-operations","persist operational workflow state and recovery actions","writes real operational control artifacts for explicit workflow callers; not the canonical database page WAL or root path","operational control records","operations control store","operations workflows and certification scenarios","control-store specific sync and publication","operational control root","operations recovery and offline checks","isolated_real_mechanism","reconstructive","rg -n 'OpenOptions|write_all|sync_all|rename|control_store' workspaces/worth-store/crates/worth-store-operations/src/control_store workspaces/worth-store/crates/worth-store-operations/src/workflow","workspaces/worth-store/crates/worth-store-operations/src/control_store;workspaces/worth-store/crates/worth-store-operations/src/workflow","not_required","real control-plane files do not make the underlying database physical","preserve","C.13","Keep unadmitted S.10 substrate paused until C.13 readiness."
"offline-physical-verification","S.3/S.10","offline verifier acquisition and inspection","workspaces/worth-store/crates/worth-store-offline-verifier/src/lib.rs","worth-store-offline-verifier","independently inspect persisted Store artifacts","contains real read-only acquisition and verification over explicit files plus some supplied-layout paths; ordinary runtime produces no canonical artifact set","backup recovery and forensic artifacts","none","offline and operations callers","read-only","explicit artifact paths","offline process and format checks","isolated_real_mechanism","reconstructive","rg -n 'File::open|read_to_end|PersistedPhysicalLayout|verify' workspaces/worth-store/crates/worth-store-offline-verifier/src","workspaces/worth-store/crates/worth-store-offline-verifier/src/media_acquisition;workspaces/worth-store/crates/worth-store-offline-verifier/src/inspection;workspaces/worth-store/crates/worth-store-physical-format/src/offline_verifier","not_required","independent readers exist but lack one authoritative database namespace to inspect","refactor_before_connection","C.9","Preserve read-only authority separation; remove shared live-layout assumptions."
"replication-progress-files","S.8/S.10","replication progress and disaster-recovery artifact stores","workspaces/worth-store/crates/worth-store-replication/src/progress_store.rs","worth-store-replication","persist replication progress and recovery bundles","writes real progress or bundle artifacts for replication workflows outside the ordinary physical runtime","replication progress and recovery bundle","replication stores","replication and operations callers","replication-specific","explicit replication artifact paths","replication recovery readers","isolated_real_mechanism","reconstructive","rg -n 'std::fs|OpenOptions|write_all|sync_all|progress_store' workspaces/worth-store/crates/worth-store-replication/src","workspaces/worth-store/crates/worth-store-replication/src/progress_store.rs;workspaces/worth-store/crates/worth-store-replication/src/disaster_recovery","not_required","real side artifacts are not joined to canonical Store durability or recovery","refactor_before_connection","C.11","Retain domain behavior but adopt the canonical physical platform before platform credit."
"platform-grade-claim-promotion","S.1 closeout","PlatformGradeClaimWitness::from_facade_evidence","workspaces/worth-store/crates/worth-store-claim-boundaries/src/promotion.rs::from_facade_evidence","worth-store-claim-boundaries","promote the physical runtime to platform grade","returns PhysicalFoundationReconstructionOpen without inspecting heap-runtime evidence","none","none","certification closeout","none","none","none","quarantined_false_claim","certification","rg -n 'PlatformGradeClaimWitness|satisfies_in_memory_observation_contract' workspaces/worth-store/crates","workspaces/worth-store/crates/worth-store-claim-boundaries/src/promotion.rs;workspaces/worth-store/crates/worth-store-physical-format/src/in_memory_physical_format_model/observation/evidence.rs","cargo test -p worth-store-claim-boundaries","heap-only complete and incomplete evidence both receive the typed reconstruction-open denial","quarantine_outside_production","C.13","C.13 must design a new handoff from reconstructed physical evidence."
"physical-substrate-readiness-promotion","S.1/S.2 handoff","close_physical_substrate_readiness and prove_physical_substrate_readiness","workspaces/worth-store/crates/worth-store-readiness/src/physical_substrate/proof.rs","worth-store-readiness","mint sealed physical-substrate readiness","returns PhysicalFoundationReconstructionOpen and contains no heap replay or count-to-readiness constructor","none","none","certification and physical-integrity readiness","none","none","none","quarantined_false_claim","certification","rg -n 'close_physical_substrate_readiness|prove_physical_substrate_readiness|InMemoryPhysicalFormatReplayArtifact' workspaces/worth-store/crates","workspaces/worth-store/crates/worth-store-readiness/src/physical_substrate/proof.rs;workspaces/worth-store/crates/worth-store-readiness/src/physical_substrate/facts.rs;workspaces/worth-store/crates/worth-store-certification/src/courtroom/physical_integrity/substrate/physical_substrate_certification_scan.rs","cargo test -p worth-store-readiness","foundational handoff is rejected and synthetic physical handoff builders have been deleted","quarantine_outside_production","C.13","The historical receipt and readiness types remain unconstructible compatibility posture only."
"certification-physical-substrate-closeout","S.1 closeout","certify_physical_page_segment_extent_substrate","workspaces/worth-store/crates/worth-store-certification/src/courtroom/physical_integrity/substrate/physical_substrate_certification_authority.rs","worth-store-certification","close S.1 physical substrate and hand readiness downstream","terminates at PhysicalFoundationReconstructionOpen when heap evidence attempts platform promotion","none","none","certification callers","none","none","none","certification_only_mechanism","certification","rg -n 'certify_physical_page_segment_extent_substrate|PhysicalSubstrateCertificationScan' workspaces/worth-store/crates/worth-store-certification/src","workspaces/worth-store/crates/worth-store-certification/src/courtroom/physical_integrity/substrate/physical_substrate_certification_authority.rs;workspaces/worth-store/crates/worth-store-certification/src/courtroom/physical_integrity/substrate/physical_substrate_certification_scan.rs","cargo test -p worth-store-certification --lib physical_substrate","certification now asserts typed reconstruction-open denial instead of historical closeout success","quarantine_outside_production","C.13","The courtroom can observe denial but cannot mint physical readiness."
"recovery-test-support-model-world","S.2-S.4","worth_store_test_support::harness::recovery","workspaces/worth-store/crates/worth-store-test-support/src/harness/recovery/mod.rs","worth-store-test-support","provide reusable physical recovery worlds and receipts","constructs fixture-owned manifests, encoded heap frames, exact-count model snapshots, schedules, traces, and synthetic recovery artifacts for tests; it is not an ordinary Store composition path","test fixtures; model pages; simulated recovery traces","test-owned helpers and explicitly invoked certification backends only","Store tests and certification suites","none","fixture-supplied state","test assertions and certification oracles","test_only_mechanism","test-only","rg -n 'pub (fn|struct)|PhysicalSubstrateReadinessSnapshot::from_exact_counts|PhysicalSimulationPlan|replay_bundle|fixture' workspaces/worth-store/crates/worth-store-test-support/src/harness/recovery -g '*.rs'","workspaces/worth-store/crates/worth-store-test-support/src/harness/recovery/fixtures/recovery_physical.rs;workspaces/worth-store/crates/worth-store-test-support/src/harness/recovery/fixtures/recovery_readiness.rs;workspaces/worth-store/crates/worth-store-test-support/src/harness/recovery/coverage/mod.rs","not_required","fixture construction is source-visible and requires an explicit test-support caller; renamed model helpers no longer mint sealed readiness","preserve","C.8","Preserve useful algorithm and recovery scenarios, but C.8 must prove fresh-process recovery through the joined physical runtime without accepting this fixture world as source truth."
"empty-root-fresh-process-probe","S.1-S.9","ordinary durable mutation checkpoint and fresh-process reopen probes","workspaces/worth-store/crates/worth-store/tests/physical_record_journeys/durability_admission/idempotency_reopen.rs","worth-store","write through the ordinary facade then reopen persisted records checkpoint bindings retained WAL and terminal mutation fate","real media journeys drop the original runtime open a fresh admitted media owner rebuild checkpoint and WAL state from bounded artifacts and prove exact completed or unresolved fate without Signal replay input","wal segment;record data;root publication;checkpoint;idempotency binding","worth-store-physical-backend admitted filesystem media","fresh ServingPhysicalRuntime and ordinary readers","namespace-durable root and checkpoint publication with retained WAL coverage","workspaces/worth-store/crates/worth-store/src/physical_runtime/instance/durability_bootstrap.rs","fresh-process record reads idempotency fate checks retained-tail checks and process-death harness","real_production_physical_behavior","ordinary","rg -n 'fresh_process|reopen_durability_basis|reopen_binding_compaction|reopen_wal_inventory' workspaces/worth-store/crates/worth-store/tests/physical_record_journeys workspaces/worth-store/crates/worth-store/src/physical_runtime","workspaces/worth-store/crates/worth-store/tests/physical_record_journeys/durability_admission/idempotency_reopen.rs;workspaces/worth-store/crates/worth-store/tests/physical_record_journeys/durability_admission/checkpoint_wal_reclamation.rs;workspaces/worth-store/crates/worth-store/src/physical_runtime/instance/durability_bootstrap.rs","cargo test -p worth-store --features certification-test-authority --test physical_record_journeys durability_admission::idempotency_reopen::","fresh-process tests prove persisted terminal fate checkpoint compaction and retained WAL reconstruction from real artifacts","implemented","C.7","C.7 now proves durable reopen facts. C.8 still owns source precedence redo and reconciliation decisions; C.7 does not smuggle live runtime Signal or buffer state across the process boundary."
