role,producer_type,admission_surface,schema_owner,producer_source,admission_source,posture,disposition,delivery_phase,causal_sources
stable-store-identity,BootstrapCatalog,BootstrapCatalog::decode,worth-store-physical-format/bootstrap-catalog,workspaces/worth-store/crates/worth-store-physical-format/src/bootstrap/record_catalog.rs,workspaces/worth-store/crates/worth-store-physical-format/src/bootstrap/record_catalog.rs,decoded-from-persisted-bytes,preserve,phase-2,none
root-publication-anchor,BootstrapCatalog,BootstrapCatalog::decode,worth-store-physical-format/bootstrap-catalog,workspaces/worth-store/crates/worth-store-physical-format/src/bootstrap/record_catalog.rs,workspaces/worth-store/crates/worth-store-physical-format/src/bootstrap/record_catalog.rs,decoded-from-persisted-bytes-and-combined-with-previous-selector-linkage,preserve,phase-3,workspaces/worth-store/crates/worth-store/src/physical_runtime/record_serving/planning/rebased_root/assembly.rs;workspaces/worth-store/crates/worth-store/src/physical_runtime/record_serving/publication/root_candidate_writes.rs;workspaces/worth-store/crates/worth-store-physical-backend/src/filesystem_media/artifact_tree/publication_effect/execution/root_protocol_replacement.rs;workspaces/worth-store/crates/worth-store-recovery-runtime/src/orchestration/discovery/observation.rs;workspaces/worth-store/crates/worth-store-recovery-physics/src/source_precedence/current_previous_root.rs;workspaces/worth-store/crates/worth-store-recovery-runtime/tests/phase_three_root_anchor.rs
current-root-selector,DurableRootSelector,DurableRootSelector::decode,worth-store-physical-format/root-selector,workspaces/worth-store/crates/worth-store-physical-format/src/root_selector.rs,workspaces/worth-store/crates/worth-store-physical-format/src/root_selector.rs,decoded-from-persisted-bytes,preserve,phase-2,workspaces/worth-store/crates/worth-store/src/physical_runtime/record_serving/admission/initialization.rs;workspaces/worth-store/crates/worth-store/src/physical_runtime/record_serving/planning/rebased_root/assembly.rs;workspaces/worth-store/crates/worth-store/src/physical_runtime/record_serving/publication/root_candidate_writes.rs;workspaces/worth-store/crates/worth-store-physical-backend/src/filesystem_media/artifact_tree/publication_effect/execution/root_protocol_replacement.rs;workspaces/worth-store/crates/worth-store-physical-backend/src/recovery_media/publication.rs;workspaces/worth-store/crates/worth-store/src/physical_runtime/recovery_coordination/publication/execution.rs;workspaces/worth-store/crates/worth-store/src/physical_runtime/recovery_coordination/reopen/execution.rs;workspaces/worth-store/crates/worth-store-recovery-runtime/src/orchestration/reopen.rs;workspaces/worth-store/crates/worth-store/tests/physical_record_journeys/durability_admission/data_durability/root_projection_carriage.rs
previous-root-selector,DurableRootSelector,DurableRootSelector::decode,worth-store-physical-format/root-selector,workspaces/worth-store/crates/worth-store-physical-format/src/root_selector.rs,workspaces/worth-store/crates/worth-store-physical-format/src/root_selector.rs,decoded-from-persisted-bytes,preserve,phase-2,workspaces/worth-store/crates/worth-store/src/physical_runtime/record_serving/planning/rebased_root/assembly.rs;workspaces/worth-store/crates/worth-store/src/physical_runtime/record_serving/publication/root_candidate_writes.rs;workspaces/worth-store/crates/worth-store-physical-backend/src/filesystem_media/artifact_tree/publication_effect/execution/root_protocol_replacement.rs;workspaces/worth-store/crates/worth-store-physical-backend/src/recovery_media/publication.rs;workspaces/worth-store/crates/worth-store/src/physical_runtime/recovery_coordination/publication/execution.rs;workspaces/worth-store/crates/worth-store/tests/physical_record_journeys/durability_admission/data_durability/root_projection_carriage.rs
root-manifest,DurablePhysicalRootManifest,DurablePhysicalRootManifest::decode,worth-store-physical-format/root-manifest,workspaces/worth-store/crates/worth-store-physical-format/src/manifest/durable_root.rs,workspaces/worth-store/crates/worth-store-physical-format/src/manifest/durable_root.rs,decoded-from-persisted-bytes,preserve,phase-3,workspaces/worth-store/crates/worth-store-recovery-runtime/src/progression/planned/basis/derivation/closeout.rs;workspaces/worth-store/crates/worth-store-physical-backend/src/recovery_media/publication.rs;workspaces/worth-store/crates/worth-store/src/physical_runtime/recovery_coordination/publication/execution.rs;workspaces/worth-store/crates/worth-store/src/physical_runtime/recovery_coordination/reopen/execution.rs;workspaces/worth-store/crates/worth-store-recovery-runtime/src/orchestration/reopen.rs
root-routing-manifest,PhysicalRootRoutingBlock,PhysicalRootRoutingBlock::decode,worth-store-physical-format/root-routing-manifest,workspaces/worth-store/crates/worth-store-physical-format/src/manifest/durable_root_routing.rs,workspaces/worth-store/crates/worth-store-physical-format/src/manifest/durable_root_routing.rs,decoded-from-manifest-addressed-persisted-bytes,preserve,phase-3,none
free-space-allocation-header,DurableFreeSpaceManifestHeader,admit_absent_targets,worth-store-physical-format/free-space-allocation-header,workspaces/worth-store/crates/worth-store-physical-format/src/manifest/durable_free_space_header.rs,workspaces/worth-store/crates/worth-store-recovery-runtime/src/orchestration/planning/page_observation/allocation_truth.rs,decoded-from-selected-root-checksum-bound-header-with-persisted-segment-page-capacity-and-reuse-first-overflow-admission,preserve,phase-4,workspaces/worth-store/crates/worth-store-physical-format/src/manifest/durable_free_space_header.rs;workspaces/worth-store/crates/worth-store-physical-format/src/binary_format/record_membership_golden_bytes.rs;workspaces/worth-store/crates/worth-store/src/physical_runtime/record_serving/admission/initialization.rs;workspaces/worth-store/crates/worth-store/src/physical_runtime/record_serving/planning/free_space_projection.rs;workspaces/worth-store/crates/worth-store/src/physical_runtime/record_serving/planning/free_space_routing/successor.rs;workspaces/worth-store/crates/worth-store-recovery-runtime/src/orchestration/planning/page_observation/allocation_truth.rs;workspaces/worth-store/crates/worth-store-recovery-runtime/src/orchestration/planning/page_observation/allocation_truth/inline_allocation.rs;workspaces/worth-store/crates/worth-store-recovery-physics/src/redo_replay/plan/allocation_truth.rs;workspaces/worth-store/crates/worth-store-recovery-runtime/src/orchestration/planning/page_observation/allocation_truth/tests/capacity_tests.rs
checkpoint-source,CheckpointStreamEncoder,inspect_checkpoint_stream,worth-store-physical-format/checkpoint-stream,workspaces/worth-store/crates/worth-store-physical-format/src/checkpoint/stream.rs,workspaces/worth-store/crates/worth-store-physical-format/src/checkpoint/inspection.rs,decoded-from-persisted-bytes,preserve,phase-3,none
checkpoint-binding-compaction,CheckpointBindingCompactionEncoder,CheckpointBindingCompactionDecoder::decode_binding_record,worth-store-physical-format/checkpoint-binding-stream,workspaces/worth-store/crates/worth-store-physical-format/src/checkpoint/stream.rs,workspaces/worth-store/crates/worth-store-physical-format/src/checkpoint/stream.rs,decoded-from-persisted-bytes,preserve,phase-4,workspaces/worth-store/crates/worth-store/src/physical_runtime/durability/mutation/idempotency/runtime_owner.rs;workspaces/worth-store/crates/worth-store/src/physical_runtime/durability/checkpoint/publication.rs;workspaces/worth-store/crates/worth-store/src/physical_runtime/durability/checkpoint/reopen/binding_compaction.rs
wal-segment-identity,WalSegmentArtifactIdentity,inspect_verified_wal_segment,worth-store-wal/artifact-store,workspaces/worth-store/crates/worth-store-wal/src/artifact_store/segment_inventory/artifact_name.rs,workspaces/worth-store/crates/worth-store-wal/src/artifact_store/segment_inventory/segment_inspection.rs,inspected-from-persisted-bytes,preserve,phase-3,none
wal-frame-payload,VerifiedWalFramePayload,inspect_verified_wal_segment,worth-store-wal/artifact-store,workspaces/worth-store/crates/worth-store-wal/src/artifact_store/segment_inventory/segment_inspection.rs,workspaces/worth-store/crates/worth-store-wal/src/artifact_store/segment_inventory/segment_inspection.rs,inspected-from-persisted-bytes,preserve,phase-3,none
wal-prefix-range,WalLsnRange,inspect_verified_wal_segment,worth-store-wal/wal-topology,workspaces/worth-store/crates/worth-store-wal/src/wal_topology/lsn_range.rs,workspaces/worth-store/crates/worth-store-wal/src/artifact_store/segment_inventory/segment_inspection.rs,derived-only-from-inspected-persisted-prefix,preserve,phase-3,none
page-image-header,PhysicalPageHeader,PhysicalHeaderAuthority::decode_page_header,worth-store-physical-format/page-header,workspaces/worth-store/crates/worth-store-physical-format/src/header/layout.rs,workspaces/worth-store/crates/worth-store-physical-format/src/header/authority.rs,decoded-from-persisted-bytes,preserve,phase-4,none
page-lsn,PhysicalPageLsn,decode_data_frame_page_lsn,worth-store-physical-format/record-framing,workspaces/worth-store/crates/worth-store-physical-format/src/record_framing/durable_frame.rs,workspaces/worth-store/crates/worth-store-physical-format/src/record_framing/durable_frame.rs,decoded-from-persisted-bytes,preserve,phase-4,none
extent-manifest,DurableExtentManifest,DurableExtentManifest::decode,worth-store-physical-format/extent-manifest,workspaces/worth-store/crates/worth-store-physical-format/src/manifest/durable_extent.rs,workspaces/worth-store/crates/worth-store-physical-format/src/manifest/durable_extent.rs,decoded-from-persisted-bytes,preserve,phase-4,none
compaction-cutover-record,CheckpointBindingCompactionEncoder,inspect_checkpoint_stream,worth-store-physical-format/checkpoint-compaction-cutover,workspaces/worth-store/crates/worth-store-physical-format/src/checkpoint/stream.rs,workspaces/worth-store/crates/worth-store-physical-format/src/checkpoint/inspection.rs,decoded-from-fully-verified-persisted-checkpoint-stream,preserve,phase-3,none
wal-security-binding,AllocatedPhysicalMutationAttemptBinding,PersistedPhysicalMutationAttemptBinding::decode_from_wal_member,worth-store/physical-runtime/idempotency-attempt-binding,workspaces/worth-store/crates/worth-store/src/physical_runtime/durability/mutation/idempotency/attempt_binding.rs,workspaces/worth-store/crates/worth-store/src/physical_runtime/durability/mutation/idempotency/persisted_binding/decoding.rs,reconstructed-from-verified-wal-member-and-exact-attempt-binding,preserve,phase-4,workspaces/worth-store/crates/worth-store-wal/src/artifact_store/segment_inventory/segment_inspection.rs;workspaces/worth-store/crates/worth-store/src/physical_runtime/durability/wal/group_reservation/member_planning.rs;workspaces/worth-store/crates/worth-store/src/physical_runtime/durability/mutation/idempotency/persisted_binding/decoding.rs;workspaces/worth-store/crates/worth-store/src/physical_runtime/recovery_freshness/binding.rs
checkpoint-security-binding,PhysicalCheckpointSecurityBinding,inspect_checkpoint_stream,worth-store-physical-format/checkpoint-security-binding,workspaces/worth-store/crates/worth-store-physical-format/src/checkpoint/source.rs,workspaces/worth-store/crates/worth-store-physical-format/src/checkpoint/inspection.rs,decoded-from-fully-verified-persisted-checkpoint-stream,preserve,phase-4,workspaces/worth-store/crates/worth-store-physical-format/src/checkpoint/source.rs;workspaces/worth-store/crates/worth-store-physical-format/src/checkpoint/record.rs;workspaces/worth-store/crates/worth-store-physical-format/src/checkpoint/stream.rs;workspaces/worth-store/crates/worth-store-physical-format/src/checkpoint/inspection.rs;workspaces/worth-store/crates/worth-store/src/physical_runtime/durability/checkpoint/capture.rs;workspaces/worth-store/crates/worth-store/src/physical_runtime/recovery_freshness/binding.rs
canonical-redo-v3,CanonicalRedoRecords,admit_physical_redo_members,worth-store/physical-runtime/canonical-redo-v3,workspaces/worth-store/crates/worth-store/src/physical_runtime/durability/wal/canonical_redo.rs,workspaces/worth-store/crates/worth-store-recovery-physics/src/redo_replay/plan/admission.rs,decoded-once-from-verified-wal-with-exact-v3-domain-and-v1-v2-rejected,preserve,phase-4,workspaces/worth-store/crates/worth-store/src/physical_runtime/durability/wal/canonical_redo.rs;workspaces/worth-store/crates/worth-store/src/physical_runtime/durability/wal/group_reservation/member_planning.rs;workspaces/worth-store/crates/worth-store-recovery-physics/src/redo_replay/record.rs;workspaces/worth-store/crates/worth-store-recovery-physics/src/redo_replay/record/target_decode.rs;workspaces/worth-store/crates/worth-store-recovery-physics/src/redo_replay/plan/admission.rs;workspaces/worth-store/crates/worth-store-recovery-physics/src/redo_replay/plan/group_admission.rs;workspaces/worth-store/crates/worth-store-recovery-physics/src/redo_replay/plan_tests.rs
recovery-projection-v3,PersistedPhysicalRecoveryProjection,PersistedPhysicalRecoveryProjection::decode,worth-store-physical-format/recovery-projection-v3,workspaces/worth-store/crates/worth-store-physical-format/src/recovery_projection.rs,workspaces/worth-store/crates/worth-store-physical-format/src/recovery_projection/codec.rs,decoded-from-canonical-redo-v3-with-recovery-projection-v1-v2-rejected-and-bound-to-independent-page-and-artifact-generations-plus-exact-frame-placement-routing-manifest-root-state-and-group-semantics,preserve,phase-4,workspaces/worth-store/crates/worth-store-physical-format/src/recovery_projection.rs;workspaces/worth-store/crates/worth-store-physical-format/src/recovery_projection/codec.rs;workspaces/worth-store/crates/worth-store-physical-format/src/recovery_projection/codec/cursor.rs;workspaces/worth-store/crates/worth-store-physical-format/src/recovery_projection/root_state.rs;workspaces/worth-store/crates/worth-store/src/physical_runtime/durability/wal/group_reservation/member_planning.rs;workspaces/worth-store/crates/worth-store-recovery-physics/src/redo_replay/record/target_decode.rs;workspaces/worth-store/crates/worth-store-recovery-physics/src/redo_replay/cursor.rs;workspaces/worth-store/crates/worth-store-recovery-physics/src/redo_replay/plan/projection_validation.rs;workspaces/worth-store/crates/worth-store-recovery-physics/src/redo_replay/plan/projection_materialization.rs;workspaces/worth-store/crates/worth-store-recovery-physics/src/redo_replay/plan/group_admission.rs;workspaces/worth-store/crates/worth-store-recovery-physics/src/redo_replay/plan_tests.rs;workspaces/worth-store/crates/worth-store-recovery-physics/src/redo_replay/plan_tests/group_atomic.rs;workspaces/worth-store/crates/worth-store-recovery-physics/src/redo_replay/plan_tests/projection_mutants.rs;workspaces/worth-store/crates/worth-store-recovery-runtime/src/orchestration/planning/page_observation/materialized.rs;workspaces/worth-store/crates/worth-store-recovery-runtime/src/progression/planned/basis/derivation/pending.rs;workspaces/worth-store/crates/worth-store-recovery-runtime/src/progression/planned/basis/derivation/materialization.rs;workspaces/worth-store/crates/worth-store-recovery-runtime/tests/phase_four_process.rs;workspaces/worth-store/crates/worth-store-recovery-runtime/tests/phase_five_generation_axes.rs
backend-durability-profile,BackendDurabilityProfileId,BackendDurabilityProfile,worth-store-physical-backend/durability-profile,workspaces/worth-store/crates/worth-store-physical-backend/src/durability_profile/profile.rs,workspaces/worth-store/crates/worth-store-physical-backend/src/durability_profile/profile.rs,qualified-static-interpretation-authority,preserve,phase-2,none
operation-attempt-binding-wal,AllocatedPhysicalMutationAttemptBinding,PersistedPhysicalMutationAttemptBinding::decode_from_wal_member,worth-store/physical-runtime/idempotency-attempt-binding,workspaces/worth-store/crates/worth-store/src/physical_runtime/durability/mutation/idempotency/attempt_binding.rs,workspaces/worth-store/crates/worth-store/src/physical_runtime/durability/mutation/idempotency/persisted_binding/decoding.rs,decoded-from-persisted-wal-payload,preserve,phase-4,workspaces/worth-store/crates/worth-store/src/physical_runtime/durability/mutation/idempotency/attempt_binding.rs;workspaces/worth-store/crates/worth-store/src/physical_runtime/durability/wal/group_reservation/member_planning.rs;workspaces/worth-store/crates/worth-store/src/physical_runtime/durability/wal/inventory/reopened_member.rs;workspaces/worth-store/crates/worth-store/src/physical_runtime/durability/mutation/idempotency/persisted_binding.rs;workspaces/worth-store/crates/worth-store/src/physical_runtime/durability/mutation/idempotency/persisted_binding/decoding.rs;workspaces/worth-store/crates/worth-store/src/physical_runtime/durability/mutation/idempotency/bootstrap.rs
operation-terminal-fate,PersistedPhysicalMutationFate,PersistedPhysicalMutationFate::decode,worth-store/physical-runtime/idempotency-terminal-fate,workspaces/worth-store/crates/worth-store/src/physical_runtime/durability/mutation/idempotency/fate/persisted.rs,workspaces/worth-store/crates/worth-store/src/physical_runtime/durability/mutation/idempotency/fate/persisted.rs,decoded-from-binding-compaction,preserve,phase-4,workspaces/worth-store/crates/worth-store/src/physical_runtime/durability/mutation/idempotency/fate/persisted.rs;workspaces/worth-store/crates/worth-store/src/physical_runtime/durability/mutation/idempotency/binding_compaction/encoding.rs;workspaces/worth-store/crates/worth-store/src/physical_runtime/durability/mutation/idempotency/binding_compaction/decoding.rs;workspaces/worth-store/crates/worth-store/src/physical_runtime/durability/mutation/idempotency/binding_compaction.rs;workspaces/worth-store/crates/worth-store/src/physical_runtime/durability/mutation/idempotency/bootstrap.rs;workspaces/worth-store/crates/worth-store/src/physical_runtime/durability/mutation/idempotency/runtime_owner.rs;workspaces/worth-store/crates/worth-store/src/physical_runtime/durability/checkpoint/publication.rs;workspaces/worth-store/crates/worth-store/src/physical_runtime/durability/checkpoint/reopen/binding_compaction.rs
operation-binding-compaction-state,DecodedPhysicalMutationBindingRecord,DecodedPhysicalMutationBindingRecord::decode,worth-store/physical-runtime/idempotency-binding-compaction,workspaces/worth-store/crates/worth-store/src/physical_runtime/durability/mutation/idempotency/binding_compaction/decoding.rs,workspaces/worth-store/crates/worth-store/src/physical_runtime/durability/mutation/idempotency/binding_compaction/decoding.rs,decoded-from-checkpoint-binding-stream,preserve,phase-4,workspaces/worth-store/crates/worth-store/src/physical_runtime/durability/mutation/idempotency/binding_compaction/encoding.rs;workspaces/worth-store/crates/worth-store/src/physical_runtime/durability/mutation/idempotency/binding_compaction/decoding.rs;workspaces/worth-store/crates/worth-store/src/physical_runtime/durability/mutation/idempotency/persisted_binding/decoding.rs;workspaces/worth-store/crates/worth-store/src/physical_runtime/durability/mutation/idempotency/fate/persisted.rs;workspaces/worth-store/crates/worth-store/src/physical_runtime/durability/mutation/idempotency/binding_compaction.rs;workspaces/worth-store/crates/worth-store/src/physical_runtime/durability/mutation/idempotency/bootstrap.rs;workspaces/worth-store/crates/worth-store/src/physical_runtime/durability/mutation/idempotency/runtime_owner.rs;workspaces/worth-store/crates/worth-store/src/physical_runtime/durability/checkpoint/publication.rs;workspaces/worth-store/crates/worth-store/src/physical_runtime/durability/checkpoint/reopen/binding_compaction.rs
