claim,phase,proof_class,compiled_owner,lane,module_path,production_entry_point,independent_observation,fake_implementation_rejected,status
regional_plan_algorithms,4,local_algorithm,worth-ui-runtime:lib,fast,workspaces/worth-ui/crates/worth-ui-runtime/src/runtime/tests/planning/plan_region_storage_boundary_tests.rs,owning runtime implementation,exact structural state and counters,algorithm shortcut that skips authority or locality,proven
filesystem_source_acquisition,2,real_boundary,worth-ui-certification:application_contracts,hostile-certification,workspaces/worth-ui/crates/worth-ui-certification/tests/application_contracts/filesystem_source_acquisition.rs,WorthUiFilesystemSourceProvider production read,normalized provider identity and exact externally written bytes remain frozen across an independent disk rewrite,filesystem label over injected module text,proven
filesystem_watcher_settlement,2,real_boundary,worth-ui-certification:application_contracts,hostile-certification,workspaces/worth-ui/crates/worth-ui-certification/tests/application_contracts/filesystem_watcher_settlement.rs,production operating-system watcher adapter,atomic replace cutover and changed removed restored imported declarations alter or restore canonical application graph meaning,caller-manufactured watcher events or digest-only assertions,proven
public_multi_removal_successor,18,real_boundary,worth-ui-certification:application_contracts,hostile-certification,workspaces/worth-ui/crates/worth-ui-certification/tests/application_contracts/multi_removal_filesystem.rs,production filesystem source provider through public replacement preparation allocation admission staging and activation,one atomic disk rewrite removes multiple independently allocated roots while the public successor publishes every exact Removed transition and retains no removed planning node,in-memory module injection caller-manufactured file event or single-root removal extrapolation,proven
public_candidate_application_lifecycle,1,real_boundary,worth-ui-certification:application_contracts,hostile-certification,workspaces/worth-ui/crates/worth-ui-certification/tests/application_contracts/public_application_lifecycle.rs,WorthUi app freeze launch and replacement candidate facades,active generation graph and host-session state before execution-plan cutover,scenario that mints private runtime authority,proven
public_filesystem_lowering_authority,3,real_boundary,worth-ui-certification:application_contracts,hostile-certification,workspaces/worth-ui/crates/worth-ui-certification/tests/application_contracts/filesystem_source_acquisition.rs,public application session joining a filesystem-derived candidate with committed allocation,externally written source reaches a nonempty active graph through public launch while exact-authority denials remain separately hostile-tested,private lowerer call or reconstructed execution-plan input,proven
public_initial_plan_lifecycle,5,real_boundary,worth-ui-certification:application_contracts,hostile-certification,workspaces/worth-ui/crates/worth-ui-certification/tests/application_contracts/headless_host_execution.rs,public application session initial plan activation and execution,exact active generation and independently observed headless envelope output,digest-only active state or caller-passed plan,proven
public_semantic_noop_lifecycle,13,real_boundary,worth-ui-certification:application_contracts,hostile-certification,workspaces/worth-ui/crates/worth-ui-certification/tests/application_contracts/query_replacement_lifecycle.rs,public real-filesystem application session complete-plan no-op decision,unchanged active generation plan handles scheduler and exact Query live resource,artifact-digest early exit hidden plan publication or candidate Query resource churn,proven
public_atomic_plan_cutover,15,real_boundary,worth-ui-certification:application_contracts,hostile-certification,workspaces/worth-ui/crates/worth-ui-certification/tests/application_contracts/public_application_lifecycle.rs,public application session frame-boundary activation transaction,simultaneous successor application plan allocation Query host and inspection observations,sequential partial publication or receipt-only parity,proven
query_lowering_authority,3,real_boundary,worth-ui-certification:application_contracts,hostile-certification,workspaces/worth-ui/crates/worth-ui-certification/tests/application_contracts/query_consumer_kit_lifecycle.rs,Worth Query Consumer Kit installation and Query-bound source candidate through the public application session lowering boundary,independent Query projection settlement plus public foreign-installation denial and exact lowerer authority pressure,locally constructed Query handle or copied posture,proven
query_virtualized_execution,8,real_boundary,worth-ui-certification:application_contracts,hostile-certification,workspaces/worth-ui/crates/worth-ui-certification/tests/application_contracts/query_replacement_lifecycle.rs,real filesystem-authored Query binding through lifecycle-typed installed view and active-session virtualized execution over an atomically admitted Query view reference plus managed resource,visible-range output and exact Query-owned close receipts across preservation successor switching and removal,in-memory source injection or shared snapshot/live convenience path or locally projected collection rows or UI-owned live-resource state,proven
query_candidate_preparation_rollback,8,real_boundary,worth-ui-certification:application_contracts,hostile-certification,workspaces/worth-ui/crates/worth-ui-certification/tests/application_contracts/query_replacement_lifecycle.rs,successor Query binding preparation and public cutover denial after candidate managed-resource opening,independent Query runtime reopen proves candidate abandonment reaping while the predecessor remains live and executable,half-admitted projection and resource or candidate cleanup hidden behind UI-local receipt equivalence,proven
canvas_spatial_execution,9,real_boundary,worth-ui-certification:application_contracts,hostile-certification,workspaces/worth-ui/crates/worth-ui-certification/tests/application_contracts/canvas_spatial_execution.rs,real filesystem-authored canvas capability through public active-session execution,exact host-bound target behavior plus foreign denial reorder equivalence and unrelated-lane scale counters,in-memory source injection or caller-assembled canvas plan or digest-only receipt,proven
realtime_overlay_execution,10,real_boundary,worth-ui-certification:application_contracts,hostile-certification,workspaces/worth-ui/crates/worth-ui-certification/tests/application_contracts/realtime_overlay_execution.rs,real filesystem-authored HUD capability through public active-session frame execution,exact host and plan generation typed budget and foreign denials reorder equivalence and separately scaled frame-work counters,in-memory source injection caller-assembled hook or plan or self-reported frame cost,proven
query_semantic_noop_lifetime,13,real_boundary,worth-ui-certification:application_contracts,hostile-certification,workspaces/worth-ui/crates/worth-ui-certification/tests/application_contracts/query_replacement_lifecycle.rs,public real-filesystem complete-plan semantic no-op with an installed Query binding,independently observed predecessor live resource and installation generation remain exact with no disposal reactivation or publication,UI-local copied posture or candidate resource churn on no-op,proven
query_bounded_replacement_lifetime,14,real_boundary,worth-ui-certification:application_contracts,hostile-certification,workspaces/worth-ui/crates/worth-ui-certification/tests/application_contracts/query_replacement_lifecycle.rs,public regional replacement of Query-backed rows with binding-owned succession,exact changed-reference reconciliation and Query-owned exact-once disposal remain stable across a sustained rebind storm,full-plan UI-local resource rebuild hidden behind changed counters,proven
query_failed_publication_lifetime,15,real_boundary,worth-ui-certification:application_contracts,hostile-certification,workspaces/worth-ui/crates/worth-ui-certification/tests/application_contracts/query_replacement_lifecycle/precommit_rollback.rs,public activation transaction interrupted at every fallible precommit stage after candidate Query preparation,one continuously active real Query predecessor retains its exact generation runtime and executable target while each candidate is independently reopened after cleanup,matching UI receipts with leaked candidates or partial publication or prematurely disposed predecessor resources,proven
egui_host_execution,11,real_boundary,worth-ui-certification:application_contracts,hostile-certification,workspaces/worth-ui/crates/worth-ui-certification/tests/application_contracts/egui_host_execution.rs,production worth-ui-host-egui adapter inside egui Context run,real egui FullOutput contact across denied and activated disk-backed replacement,egui enum profile or hand-built contact,proven
headless_minimal_plan_execution,5,real_boundary,worth-ui-certification:application_contracts,hostile-certification,workspaces/worth-ui/crates/worth-ui-certification/tests/application_contracts/headless_host_execution.rs,production headless adapter executing the active minimal ordinary plan,host-neutral root/component output and exact active generation,digest-only active state or no-op executor,proven
headless_complete_ordinary_execution,7,real_boundary,worth-ui-certification:application_contracts,hostile-certification,workspaces/worth-ui/crates/worth-ui-certification/tests/application_contracts/headless_host_execution.rs,production filesystem lowering public active-session target discovery and headless ordinary execution,real .wui component child-range command token and state-slot meaning produces bounded typed target receipts exact native summary facts and independently observed host output,digest-only executable rows test-only component hooks caller-built handles or self-reported family counters,proven
headless_cross_lane_parity,11,real_boundary,worth-ui-certification:application_contracts,hostile-certification,workspaces/worth-ui/crates/worth-ui-certification/tests/application_contracts/cross_lane_bundle_execution.rs,production headless adapter consuming one sealed four-lane active-plan bundle,exact ordinary virtualized canvas and realtime envelope payloads after real Query projection,host capability label without adapter execution,proven
executor_allocator_observation,5,real_boundary,worth-ui-certification:application_contracts,hostile-certification,workspaces/worth-ui/crates/worth-ui-certification/tests/application_contracts/executor_allocator_observation.rs,active-session minimal ordinary plan execution call with a nested production host observer,the outer public-call allocation count minus independently observed adapter translation equals the certified executor and envelope production count,self reported allocation receipt or host work hidden inside the executor claim,proven
cross_lane_allocator_reconciliation,16,real_boundary,worth-ui-certification:application_contracts,hostile-certification,workspaces/worth-ui/crates/worth-ui-certification/tests/application_contracts/cross_lane_bundle_execution.rs,active-session execution across the final admitted lane set,independently armed per-lane allocator observations reconcile with every executor counter while the nested production host observer assigns adapter work outside the claim,final counters extrapolated from the Phase 5 ordinary slice or adapter allocations hidden in the executor claim,proven
egui_allocator_attribution,16,real_boundary,worth-ui-certification:application_contracts,hostile-certification,workspaces/worth-ui/crates/worth-ui-certification/tests/application_contracts/egui_allocation_attribution.rs,production egui Context run around public active-session execution and production egui host translation,three nonoverlapping independent allocator intervals reconcile exact executor and envelope host-adapter and egui-native allocations to the outer frame total,charging renderer or adapter allocation to the active-plan executor,proven
same_session_mixed_real_lifecycle,18,real_boundary,worth-ui-certification:application_contracts,hostile-certification,workspaces/worth-ui/crates/worth-ui-certification/tests/application_contracts/query_replacement_lifecycle/mixed_real_lifecycle.rs,one public application session driven by production filesystem watcher Query Consumer Kit and egui Context run,real file no-op malformed partial removed-import restored-import Query transitions stale-target denial and deterministic churn preserve exact output generation and lifecycle truth,separate toy sessions or caller-manufactured watcher events or OS settlement inside the churn loop,proven
