"id","layer","subsystem","authority_edge","current_code_surface","current_authority_or_data","current_assessment","missing_boundary_or_bypass","target_code_surface","target_authority","required_transition_sequence","required_cutover","mechanical_enforcement","runtime_or_courtroom_evidence","depends_on","phase34_scope","priority","status"
"1","shared grammar","domain authority issuance","owner decision to issued capability","forge-proof owner-local outcomes plus sealed security recovery blob and physical owner capabilities","operation-local authority grammar and read-only outcome projections","All current layout read maintenance migration integrity recovery physical-compaction imported-blob and restore families issue opaque outcomes from owner-local private cases","No known cross-crate materialization handoff accepts a generic witness copied receipt report or scalar identity","each permanent operation owner/private issuance module","opaque owner-issued capability carrying an owner-private case","owner decision -> owner-private case -> owner-issued capability -> read-only outcome view","Completed cross-crate blob and restore handoffs without a crate-wide issuer; Store authority identity survives security family blob and restore lineage","Compile-fail sibling and external issuance; residue and dependency gates reject generic owner factories and upward ownership","All advertised owner cases are observed through ordinary operations with exact set equality","none","direct","critical","proven_complete"
"2","shared grammar","current Store authority","Store scope to domain admission","forge-store-authority::StoreCurrentAuthorityWitness; artifact_family/admission.rs; keyspace/admission.rs","current Store security enters one private family capability and one private domain capability","Every ordinary planning and execution path requires the exact admitted family and domain; current Store authority remains only a prerequisite or explicit rebind comparator","No direct promotion remains from Store authority plus copied declarations identities or projections","artifact_family/admission.rs and each later owner admission","owner-specific capability retaining exact Store authority lineage","current Store authority -> family admission -> domain admission -> operation admission","Migrate all remaining consumers away from intermediate catalog authority and prevent direct promotion from Store witness","Compile-fail Store witness plus copied ids cannot construct family domain request selected ready or executed capability; residue rejects StoreCurrentAuthorityWitness in later admission modules","Cross-store and equal-looking cross-security substitutions deny before planning","1","direct","critical","proven_complete"
"3","shared grammar","aspect-native representation","external declaration to native admission","forge-foundational adapters and Store native values; architecture_residue_tests.rs","native declarations receipts diagnostics and terminal projections remain observational until owner admission","Layout production contains no serde authority and all projection/readmission UI cases require owner-issued private-field capabilities","No deserialized diagnostic projection or digest reconstruction lane remains in the layout authority graph","owner declaration and readmission modules","native raw declaration that has no execution power until owner admission","deserialize or observe -> raw native declaration -> owner readmission -> private-field capability","Keep serde and terminal projections declaration-only; prohibit scalar or digest reconstruction","Recursive production-source residue rejects serde authority; compile-fail projection-to-capability and readmission suites","Hostile equal-value different-source declarations remain non-authoritative","1","supporting","high","proven_complete"
"4","catalog input","artifact inventory","inventory row to family declaration","artifact_family/inventory_rows; catalog/declaration.rs","PhysicalArtifactFamilyDeclaration","Cold inventory is exposed through layout_families while intermediate authority and lifecycle witnesses are no longer exported","No known inventory path can enter executable planning without explicit family admission","artifact_family/declaration.rs and artifact_family/inventory/","permanent family declaration with no execution capability","inventory row -> family declaration -> explicit family admission","Keep cold declaration vocabulary separate from executable admissions","Compile-fail raw declaration; structural residue rejects intermediate authority exports","Inventory equality cannot substitute for admitted family identity","3","direct","high","proven_complete"
"5","semantic admission","artifact family","family declaration to admitted lifecycle","artifact_family/admission.rs","AdmittedPhysicalArtifactFamily retaining declaration lifecycle and exact Store security identity","Executable consumers retain AdmittedPhysicalArtifactFamily; lifecycle and authority witnesses are crate-private implementation details and absent from layout_families","No known public consumer can substitute an intermediate catalog witness for admitted family authority","artifact_family/admission.rs","AdmittedPhysicalArtifactFamily as the sole executable family capability","declaration + current Store authority -> admitted family","Keep intermediate lifecycle and authority stages owner-private","Private fields; compile-fail direct construction; residue rejects public intermediate exports","Same-family cross-authority substitution denies","2;4","direct","critical","proven_complete"
"6","semantic admission","key-domain declaration","raw domain schema to admissible input","keyspace/declaration.rs plus low-level law modules","PhysicalKeyDomain and raw law inputs","Raw key-law vocabulary remains available for schema and diagnostics but executable planning accepts only AdmittedPhysicalKeyDomain","No known raw domain or individual law enters request planning or execution","keyspace/declaration.rs","non-executable key-domain declaration owned by keyspace","family declaration + raw domain schema -> key-domain admission request","Keep raw law vocabulary observational and preserve the admitted-domain gate","Compile-fail raw domain cannot enter request planning or execution","Raw equal domain labels do not satisfy admitted-domain inputs","4","direct","high","proven_complete"
"7","semantic admission","key laws","family-bound domain to complete law suite","keyspace/admission.rs","AdmittedPhysicalKeyDomain retaining family authority encoding comparator collision ordering tenant partition and optional prefix/range laws","Strategy request planning and ordinary operations consume AdmittedPhysicalKeyDomain; raw witnesses survive only as read-only internals and law diagnostics","No known executable consumer accepts individual laws in place of the opaque admitted domain","keyspace/admission.rs","AdmittedPhysicalKeyDomain as sole executable key-law capability","admitted family + domain declaration -> validate exact applicable law suite -> admitted domain","Keep executable APIs typed to the opaque admitted domain","Private fields; compile-fail direct construction and raw law entry","Exact page and root law suites plus cross-security denial","5;6","direct","critical","proven_complete"
"8","semantic admission","concrete physical key","application key to canonical physical identity","keyspace/value.rs; keyspace/request_identity.rs","AdmittedConcretePhysicalKey and AdmittedPhysicalAccessIdentity","Ordinary page WAL blob and physical-reference keys are admitted under an exact domain before canonical identity issuance; raw witnesses are crate-private boundary vocabulary","No raw-key constructor or raw witness is exported through the crate root and request admission accepts only AdmittedConcretePhysicalKey","keyspace/value.rs","domain-bound concrete key capability and canonical request identity","admitted domain + raw key -> domain-specific validation -> admitted concrete key -> canonical identity","Inventory every raw-key consumer and retain raw constructors only behind declaration or boundary adapters","Compile-fail raw concrete key cannot enter request admission","Comparator-sensitive canonical identity cross-domain substitution and blob/replay scenarios","7","direct","critical","proven_complete"
"9","semantic admission","operation intent","raw access declaration to admitted intent","access/shape plus access/intent.rs","AccessShapeContract is consumed only at request admission; AdmittedAccessIntent retains operation semantics without coverage","Shape declarations carry only operation lane counter and traversal semantics; no shape module imports LayoutCoverageWitness and read recovery mutation request capabilities retain lifecycle-specific authority","No known raw shape or hybrid test fixture can validate carry or expose materialization authority","access/intent/ with operation-specific declarations","AdmittedAccessIntent containing operation semantics only","raw operation declaration -> family/materialization compatibility -> admitted intent -> planning and execution","Completed: removed coverage fields accessors parameters and hybrid planning helpers; exactness is checked by materialization admission and request admission","Structural residue recursively rejects LayoutCoverageWitness anywhere under access/shape; private request wrappers and compile-fail tests reject raw shape promotion","All 129 library scenarios and all 10 compile-fail groups pass warning-free after the hard cutover","5;16","direct","critical","proven_complete"
"10","materialization","state declaration","physical observation to materialization state","materialization/source.rs; admission.rs","Opaque source identity retains bootstrap catalog B-tree publication B-tree lookup B-tree replay LSM publication LSM replay imported-blob or restored-artifact owner evidence","Every ordinary materialization source is constructed from lower-owner evidence and carries a read-only source-kind projection; LSM replay derives replacement identity from admitted membership","No family-plus-label or authority-plus-copied-replacement construction remains in production","materialization/source.rs","LayoutMaterializationObservation bound to exact admitted family and physical source identity","physical owner observation + admitted family -> source-bound materialization observation","Replace family-plus-class construction with adapters from WAL checkpoint root blob and bootstrap owners","Owner-specific constructors only; source identity and materialization fields are private; residue rejects scalar source assembly","B-tree LSM replay imported-blob and restore tests retain lower-owner source identity; raw epoch LSN and replacement request fields are absent","2;5","direct","critical","proven_complete"
"11","materialization","coverage basis","physical basis to watermark","materialization/coverage_basis.rs; source.rs; watermark.rs","AdmittedCoverageBasis retains the non-Copy source identity whose private authority enum owns the exact lower receipt and exposes only a watermark projection","Root WAL replay blob import restore and publication watermarks are projected only after lower-owner evidence enters the admitted source basis","No scalar watermark admission path remains outside cfg(test) observation fixtures","materialization/coverage_basis.rs","AdmittedCoverageBasis retaining exact lower-owner receipt and read-only watermark projection","WAL/checkpoint/root/blob receipt -> admitted coverage basis -> diagnostic watermark","Keep scalar watermark projection observational; never admit from watermark values","Compile-fail source identity and admitted basis construction; residue gate forbids scalar coverage assembly in ordinary owners","Equal watermark values from another source Store generation publication or security scope deny","10","direct","critical","proven_complete"
"12","materialization","coverage interval","state and watermarks to coverage","materialization/coverage.rs; coverage_basis.rs; source_binding_tests.rs","Every coverage witness retains one mandatory source identity and coverage admission accepts lower and upper bases only when their exact source identities match","The impossible source-free witness state and planning-facade fixture constructors have been removed; interval basis gap and source validation remain owner-local","No known coverage-construction bypass remains; new lower-owner adapters must supply admitted bases carrying their exact source","materialization/coverage.rs","AdmittedLayoutCoverage retaining one source identity exact basis receipt interval and gap classification","source-bound observation + admitted basis/bases -> classify coverage -> issue coverage capability","Keep common-source validation mandatory and scalar watermarks observational","Private admitted-basis fields; mandatory non-Option source; source equality check; foundations compile-fail construction proof; executable residue gate","Equal-watermark mixed-source bounds deny; reversed partial stale and quarantined cases pass through source-bound observations; 139 layout library tests and the foundations compile-fail group pass","10;11","direct","critical","proven_complete"
"13","materialization","freshness","coverage observation to current or stale posture","materialization/freshness.rs; owner readiness modules","CurrentLayoutMaterialization and StaleLayoutMaterialization are private-field owner outcomes bound to the full admitted materialization and exact retained frontier source","B-tree LSM degraded and replay readiness consume owner-classified freshness; LSM replay frontier derives its identity only from admitted replay membership","No execution facade accepts a raw family domain coverage frontier or copied replay identity tuple","materialization/freshness.rs","CurrentMaterialization or StaleMaterialization bound to exact coverage and current Store authority","admitted coverage + current physical frontier -> freshness classification -> current or stale capability","Centralize freshness classification in materialization owner and make execution consume its result","Private current/stale UI proofs; ready and executed values retain materialization; residue rejects raw tuple and copied replacement lanes","Layout tests and B-tree/LSM courtroom substitutions prove equal-looking foreign sources become stale or deny","2;12","direct","critical","proven_complete"
"14","materialization","completeness","exact coverage to point range prefix completeness","strategy/registry/snapshot.rs; planning/selected_plan.rs; planning/plan_fingerprint.rs","Selected indexed operations and fingerprints retain the exact request-bound S8LayoutStrategyRegistrySnapshot containing admitted strategy requested/granted capability exact source-aware coverage and key laws","Range and prefix completeness is issued only through strategy registry admission; coverage-only completeness witness types and methods were deleted","No known coverage-only completeness authority remains","strategy/registry/snapshot.rs; planning/selected_plan.rs","request-bound strategy admission proving operation applicability over exact source-aware coverage","current coverage + admitted strategy/materialization metadata + intent class -> completeness classification","Bind point range prefix and scan completeness to the materialization's declared construction semantics","Selected-operation and fingerprint fields retain snapshot; structural residue rejects deleted completeness witnesses","Range selection test proves OrderedRange request and grant plus exact coverage are retained; full layout library passes","7;9;13","direct","high","proven_complete"
"15","materialization","absence","executed lookup to authoritative absence","strategy/btree/execution/outcome.rs; strategy/lsm/execution/lookup_outcome.rs","B-tree and LSM owners issue private-field absence only from ordinary physical traversal or admitted membership lookup and retain plan request probe and current materialization","Coverage-only and planning-issued absence lanes are deleted; bounded-scan absence remains a distinct degraded operation","none; non-indexed absence belongs to its own owner family and cannot enter exact lookup views","strategy/btree/execution/outcome.rs; strategy/lsm/execution/lookup_outcome.rs","owner-issued lookup absence bound to request identity execution source and admitted materialization","ready lookup -> physical traversal -> not-found observation -> owner-issued absence","Completed for every exact lookup owner; shared surfaces are read-only views only","Private fields; compile-fail B-tree and LSM absence construction; coverage has no issuance method; old proof module absent","B-tree missing-probe and LSM tombstone-blocked scenarios issue exact source-bound absence; malformed artifacts and wrong sources deny; full verifier passes","8;13;25;31","direct","critical","proven_complete"
"16","materialization","admitted posture","source facts to one retained materialization capability","materialization/admission.rs","AdmittedLayoutMaterialization retains admitted family source-aware coverage and the full non-Copy lower-owner source authority","Catalog B-tree lookup/publication/replay LSM lookup/publication/replay imported blob and restored artifact adapters all issue the same sealed materialization capability; readiness and execution retain it","No ordinary request shape carries coverage epoch LSN source identity or materialization posture independently","materialization/admission.rs","AdmittedLayoutMaterialization retaining family source basis coverage freshness completeness publication identity and absence eligibility","admitted family + physical source evidence -> materialization classification -> admitted capability or typed denial","Add lower source adapters and posture fields then remove shape coverage and make readiness/readmission consume only this capability","Private-field UI proof; non-Copy ownership; coverage substitution denial; import graph limits issuance to materialization owner","All layout library and B-tree/LSM courtroom tests pass; imported/restored cross-authority substitutions deny","5;10;11;12;13;14","direct","critical","proven_complete"
"17","request boundary","request admission","family domain key intent materialization to request","planning/access_request.rs","Separate private-field AdmittedPhysicalReadRequest AdmittedPhysicalRecoveryRequest and AdmittedPhysicalMutationRequest capabilities","Read and recovery require admitted materialization while mutation cannot carry one; operation-class mismatch denies before planning and the synthetic selector is removed","No known broad optional-materialization request remains","planning/access_request.rs","separate admitted read recovery and mutation requests with admitted intent","family + domain key + operation-specific materialization requirement -> consistency classification -> typed admitted request","Keep request classes disjoint and prevent a generic request wrapper from returning","Private fields; three compile-fail construction fixtures; residue rejects generic request and selector lanes","All 129 layout unit tests pass through the split requests; compile-fail suite covers each request constructor","8;9;16","direct","critical","proven_complete"
"18","request boundary","synthetic request identity","test scope to planning request","planning/access_request.rs; selection_receipt.rs; keyspace/request_identity.rs; test-support layout harness","Tests and production both require admitted family key domain concrete key materialization and intent before request issuance","Raw source-less shapes remain declarations only and no test-only selector can promote them","none; test support prepares inputs and invokes ordinary admission facades","test-support scenario builders using ordinary facades","real admitted requests only","test declaration -> ordinary family/domain/key/materialization/intent admission -> request","Completed: synthetic selection and source-less materialization shortcuts are removed","Compile-fail private request and selection construction; residue rejects old selectors and unit-test admission helpers; dependency gate blocks private imports","All 140 layout tests use production request admission; test-support compiles without authority constructors; full verifier passes","17","direct","critical","proven_complete"
"19","strategy","strategy declaration","family and key laws to strategy candidate","strategy/authority_basis.rs; declaration.rs; admission.rs","StrategyDeclaration retains a private StrategyAuthorityBasis containing admitted family and admitted key domain","Permanent strategy vocabulary is milestone-free; the broad family discriminator is crate-private and cannot itself enter public planning or execution","No public raw lifecycle domain or strategy-family admission lane remains","strategy/declaration.rs","StrategyDeclaration bound to admitted family and domain but not executable","admitted family + admitted domain + strategy kind -> declaration compatibility classification","Rename permanent strategy vocabulary and narrow family enum usage","Residue rejects milestone vocabulary raw wrappers legacy basis and raw registry constructors; generic strategy types are absent from root exports","Extension UI and selected strategy/fingerprint authority-equality suites pass","5;7","direct","critical","proven_complete"
"20","strategy","invariant admission","strategy declaration to executable strategy capability","strategy/admission.rs; invariant_suite.rs; admitted_strategy.rs; typed selected-operation modules","AdmittedLayoutStrategy privately retains admitted family domain declaration and family-specific invariant suite; public execution receives typed selected B-tree or LSM capabilities","Every strategy admission requires exact admitted capabilities and every selected indexed operation retains that admission before owner-specific lowering","No public generic admitted-strategy constructor or raw invariant promotion remains","strategy/admission/capability.rs","AdmittedLayoutStrategy bound to family domain and invariant suite; eligibility later binds intent/materialization","strategy declaration -> invariant verification -> admitted strategy -> candidate compatibility","Split permanent B-tree/LSM capability types where operation ownership benefits","Private constructors and no raw admission path; selected plan retains exact capability; operation mismatch compile-fail proofs enforce typed B-tree/LSM lowering","Invalid key-law unsupported-domain exact authority-retention and cross-owner operation scenarios pass","19","direct","high","proven_complete"
"21","strategy","candidate registry","admitted request to eligible strategy alternatives","strategy/registry/; planning/candidates/","PlanningAlternativeSet derives B-tree and LSM candidates from admitted family key-domain materialization and intent authority; each eligible candidate retains the registry snapshot and an exact EligibleStrategyOperation","Registry admission now enforces exact materialization and live-maintenance compatibility; candidate rejection retains the precise registry denial or exact unsupported operation and exposes a unique exhaustive case identity","No residual generic indexed fallback remains; unsupported shapes fail at candidate classification and selected plans carry the owner-classified operation into issuance and B-tree execution","planning/candidates/","Eligible strategy candidate retaining admitted strategy request intent exact materialization compatibility and typed owner operation","admitted request -> exact operation classification -> registry and materialization admission -> eligible candidate -> selected typed operation","Completed: removed denial coarsening and post-selection family/shape reclassification; split candidate audit operation and set ownership into planning/candidates","Exhaustive LayoutAdmissionDenialCase and SelectionCandidateRejectionCase inventories; classifier has no wildcard; selection decision and B-tree runtime consume typed operation; full Phase 34 verifier green","144 layout tests include exact denial inventory exact-readiness-without-coverage denial typed point/range operation retention unsupported-shape rejection and source residue assertions; ten compile-fail suites and all downstream verifier lanes pass","17;20","direct","critical","proven_complete"
"22","planning","candidate decision","eligible set to exact operation case","planning/decision.rs; planning/decision_case_tests.rs","private exhaustive PlanSelectionDecision splits B-tree point range prefix and replay; LSM lookup publication replay and compaction; degraded and denied cases","Candidate issuance supplies a typed EligibleStrategyOperation; decision performs one exhaustive extraction and issuance is mechanical without family/shape reclassification","No generic Indexed case remains; the unobservable B-tree root-publication selection and its synthetic compile-fail fixtures were removed instead of being advertised as production capability","planning/decision.rs","private exhaustive permanent operation decision cases","eligible candidates + deterministic policy -> exact operation decision","Completed: removed generic and dead cases; split B-tree lookup operations; retained only cases emitted by ordinary admitted requests","Exhaustive enums have no wildcard fallback; source residue tests forbid payload reclassification; removed SelectedBTreeRootPublication is protected by compile-fail proof","AccessPlanSelectionCase declared set exactly equals ten cases emitted by ordinary B-tree LSM degraded and denied requests; 145 layout tests and full Phase 34 verifier pass","21","direct","high","proven_complete"
"23","planning","selection policy","eligible alternatives to deterministic winner","planning/candidates/set.rs; planning/decision.rs; planning/selection_basis.rs","named B-tree and LSM candidate slots plus an exhaustive private selection decision","Ordinary authority domains are disjoint: selection accepts the sole eligible typed candidate, denies no candidate, and fails closed with OverlappingEligibleStrategyAuthority if both authorities ever appear","The former rank table advertised unreachable B-tree-versus-LSM competition and derived preference from projections instead of owner authority","planning/candidates/set.rs; planning/decision.rs","pure exhaustive decision over named owner-admitted candidate slots with no independent ranking or issuance authority","owner-admitted candidate slots -> sole-candidate or overlap classification -> private decision -> selected-plan issuance","Delete the unexecutable rank policy and dead selection rules; keep operation classification in candidate admission and make issuance consume only the private exhaustive decision","Private decision and issuance fields; residue test forbids an unexecutable ranking policy; exact ordinary decision-case set equality","All ten advertised decision cases are emitted through ordinary production requests; candidate declaration or registry iteration order cannot affect named-slot selection; overlap fails closed rather than being ranked","21","direct","medium","proven_complete"
"24","planning","cost estimate","selected candidate and intent to planned work","planning/cost/derivation.rs; planning/cost/estimate.rs; planning/selected_plan.rs; strategy/counter_planning.rs","private CostedAccessPlan retains an owner-issued AccessPlanCostEstimate whose explicit class and exact counter slice are derived from the candidate-classified operation","All nine executable baseline operation classes select exactly one lookup publication or recovery counter contract; cost derivation no longer aggregates unrelated lifecycle work or reclassifies family and shape projections","No unresolved bypass remains for the currently advertised baseline equivalence classes; operations with broader cardinality behavior must declare a new typed equivalence class before admission","planning/cost/","operation-local AccessPlanCostEstimate bound to exact selected operation intent materialization source coverage and planned counter contract","selected owner-admitted operation -> exact counter slice -> operation-local cost dimensions -> private costed plan","Removed generic family/shape aggregate estimator; added explicit operation classes and fail-closed degraded row representability","Private estimate fields and crate-local issuer; compile-fail external construction proof; residue forbids family shape and aggregate-profile derivation; ordinary decision matrix observes every class","All successful ordinary decision cases prove exact class and counter-slice equality; degraded demand above u16 representation is denied before budget admission instead of clamped; complete Phase 34 verifier passes","16;21","direct","high","proven_complete"
"25","planning","budget admission","planned cost and envelope to admitted budget","planning/selected_plan.rs; forge-store-budgets/pre_execution/","private selected-plan owner operation derives CostedAccessPlan submits its exact PreExecutionBudgetRequest and seals the returned receipt into SelectedAccessPlanBasis","PreExecutionBudgetAdmissionReceipt retains the exact admitted request as well as its envelope; decision code cannot construct costed plans pair receipts or invoke budget admission directly","No copied-receipt pairing lane remains; lower physical admission checks exact admitted demand rather than unused envelope capacity","planning/selected_plan.rs and forge-store-budgets/pre_execution/","budget-admitted selected plan retaining an exact demand-bound resource receipt without making the budget crate semantic plan authority","operation-local cost -> exact resource request -> budget-owner admission -> demand-bound receipt -> selected-plan capability","Moved derivation and admission into the selected-plan owner; made all pairing constructors private; bound receipts to requests and removed envelope-headroom authorization","External receipt construction fails with E0451; selected operation construction remains private; residue proves only selected-plan owner pairs cost and receipt","Every ordinary successful plan proves receipt-request equality for all resource dimensions; exact threshold and over-budget tests pass; physical one-touch receipt cannot authorize eight touches; complete Phase 34 verifier passes","24","direct","high","proven_complete"
"26","planning","plan identity","authoritative plan to exact equivalence identity","planning/plan_identity.rs; planning/selected_plan.rs","AccessPlanIdentity is issued after budget admission and retains admitted family domain concrete request exact materialization strategy admission intent counters operation-local cost exact budget request budget envelope and selection rule as typed native values","Identity is a read-only native equivalence record rather than digest authority; it is publicly nameable but all fields and issuance remain private","No missing selected-plan equivalence dimension remains for the advertised baseline operations; future operation dimensions must enter the native identity before admission","planning/plan_identity.rs","typed AccessPlanIdentity retaining complete selected-plan equivalence truth without carrying execution authority","budget-admitted selected plan basis -> native exact identity -> identity retained by every operation-specific selected capability","Moved issuance after cost and budget admission; added exact cost and budget posture; exported the read-only type; retained private construction and removed all digest/hash authority","E0451 compile-fail proves external construction impossible; residue requires native source strategy cost request and envelope fields and forbids digest/hash reconstruction","Repeated complete inputs produce equal identity; different concrete requests operations budget envelopes and physical root generations produce unequal identity; selected identity retains exact materialization and complete Phase 34 verifier passes","16;22;24;25","direct","critical","proven_complete"
"27","planning","selected plan issuance","private decision to operation-specific selected capability","planning/decision.rs; planning/selection_issuance.rs; planning/selected_plan.rs","operation wrappers retain one private budget-admitted SelectedAccessPlanBasis and require an operation-specific non-forgeable decision grant at issuance","Decision classification mints distinct B-tree lookup B-tree replay LSM lookup publication replay compaction and degraded grants; issuance cannot inspect projections or convert one grant into another","No generic or sibling relabeling lane remains; the shared basis is composition data and has no public constructor or generic lowering surface","planning/decision.rs; planning/selection_issuance.rs; planning/selected_plan.rs","operation-specific selected capabilities retaining one sealed shared basis plus exact decision-owner grant provenance","private exhaustive operation decision -> exact private-field grant -> matching selected capability -> matching owner facade","Replaced from_unclassified with grant-requiring from_decision issuance and completed all B-tree LSM and degraded owner-facade consumers","Private selected basis and wrapper fields; seven distinct decision grants with decision-private issuance field; residue forbids projection-based issuance and unclassified construction","Ordinary decision matrix emits all selected operations; B-tree lookup and replay LSM lookup publication replay and compaction and degraded scan each enter only their typed owner runtime; compile-fail cross-operation inputs and complete Phase 34 verifier pass","17;22;26","direct","critical","proven_complete"
"28","planning","selection outcome facade","issued selection to caller observation","planning/selection_outcome.rs; layout_degraded_scan_runtime.rs","AccessPlanSelectionOutcome exposes an exhaustive borrowed view and exact typed extraction methods; the degraded owner facade consumes ordinary catalog, security, key, budget, and physical declarations","Exact extraction is permanent production vocabulary; the ordinary degraded owner facade performs family, key-domain, concrete-key, materialization, selection, lowering, readiness, and physical execution without caller-authored intermediate authority","No remaining bypass in this authority edge","planning/selection_outcome.rs plus layout_degraded_scan_runtime.rs","read-only selection view exposing exact next capability","issued operation -> borrowed view or typed extraction -> matching owner facade","Complete","Private outcome fields; compile-fail external construction; residue requires every exact extractor and the complete ordinary facade chain; public request cannot require inaccessible admitted capabilities","External layout scenario executes a degraded scan through the production facade and physical receipt; all runtime-authority compile-fail suites and the full Phase 34 verifier pass","27","direct","high","proven_complete"
"29","operation runtime","B-tree lookup lowering","SelectedBTreeLookup to lowered lookup","access/execution/btree_lookup/lowering.rs; readiness.rs","LoweredBTreeLookup retains the exact selected capability and Forge Proof lowering recipe","B-tree lowering readiness and stale bridge live under the B-tree lookup owner with no generic indexed receipt","none; facade methods route to the owner-local issuer only","access/execution/btree_lookup/lowering.rs","LoweredBTreeLookup retaining selected capability materialization and lowering authority","selected B-tree lookup -> owner-local lowering recipe -> lowered lookup","Completed: generic indexed lowering bridge and selected-indexed fallback are removed","Owner-scoped issuer; private recipe aliases; compile-fail sibling operation substitutions; residue rejects generic indexed lane","Progression tests preserve exact request plan budget and materialization through current and stale paths; full verifier passes","27","direct","critical","proven_complete"
"30","operation runtime","B-tree readiness","lowered lookup to ready or stale owner outcome","access/execution/btree_lookup/readiness.rs; materialization/freshness.rs; materialization/admission.rs; strategy/btree/execution/read_source.rs","Owner-issued lowered B-tree lookup and exact B-tree source frontier retain the replay artifact's physical Store identity","Readiness compares complete source identity; lookup materialization first requires the source Store authority to equal the admitted family authority; replay reopens under the artifact's own Store identity","No remaining bypass in this authority edge","access/execution/btree_lookup/readiness.rs","BTreeLookupReadiness owner outcome retaining current or stale materialization case","lowered lookup + exact Store-bound B-tree source frontier -> materialization authority and freshness validation -> owner-issued readiness outcome","Complete","Private cases; exact case coverage; no generic readiness constructor; residue requires Store identity retention, exact-source comparison, and source-specific materialization admission","Current and stale cases have exact observed equality; an equal-coordinate B-tree source from another Store is denied with BTreeSourceStoreAuthorityMismatch before readiness; full Phase 34 verifier passes","13;29","direct","critical","proven_complete"
"31","operation runtime","B-tree physical traversal","ready lookup to traversal evidence","strategy/btree/execution/read_source.rs; strategy/btree/execution/witness.rs; physical-isolation/root_protocol/root_kinds.rs","B-tree traversal source and stable physical read plan both retain exact Store authority identity in addition to root and child coordinates","Stable execution consumes ready authority, rejects a stable plan from another Store even when every physical coordinate and generation is equal, and emits explicit Found or Absent owner cases only after protected reads","No remaining bypass in this authority edge","strategy/btree/execution/","BTree traversal execution bound to ready request, admitted replay source, Store-bound stable plan, and exact counters","ready lookup -> Store-bound stable physical reads -> search path -> traversal evidence","Complete","Physical isolation entry and current root retain Store authority identity; B-tree preflight compares plan and replay-source identities; compile-fail raw source construction; residue gate; exact path counters","Ordinary found and absent cases equal owner inventory; equal-coordinate foreign stable plan is denied with StoreAuthorityMismatch; correctly protected foreign source is separately denied by layout materialization; full Phase 34 verifier passes","30","direct","high","proven_complete"
"32","operation runtime","B-tree semantic result","traversal evidence to found or absent result","strategy/btree/execution/outcome.rs","private Found and Absent semantic cases with public read-only view and case identity","Found retains exact traversal counters and identity; absence retains plan request probe leaf and current materialization; both are aggregated into courtroom topology","Physical corruption remains a typed execution denial outside the semantic success inventory as intended","strategy/btree/execution/outcome.rs","StableBTreeLookupExecution with owner-issued found or absent cases","traversal evidence -> semantic classification -> opaque owner execution","Keep corruption as denial and preserve exact case identity through courtroom observation","Exact private case coverage and compile-fail absence construction","Ordinary found and absent executions have exact declared-versus-observed equality","15;31","direct","critical","proven_complete"
"33","operation runtime","degraded lowering","SelectedDegradedExactScan to lowered scan","access/execution/degraded_scan/lowering.rs; readiness.rs; readmission.rs","LoweredDegradedExactScan retains the exact selected operation through an owner-local Forge Proof recipe","Degraded lowering readiness stale posture and readmission are owned by the degraded-scan module with no shared lowering receipt","none; shape declarations carry no coverage authority and indexed operations cannot enter this owner","access/execution/degraded_scan/lowering.rs","LoweredDegradedExactScan retaining admitted degraded materialization posture and budget","selected degraded scan -> owner-local lowering -> lowered scan","Completed: broad lowering receipt generic selected bridge and generic rebind lane are removed","Private issuer; operation-specific types; compile-fail indexed substitution and removed rebind; shape coverage residue gate","Progression tests prove current stale readmission and executed paths retain exact selection and materialization; full verifier passes","16;27","direct","critical","proven_complete"
"34","operation runtime","degraded readiness and readmission","lowered scan to ready stale rebind","access/execution/degraded_scan/readiness.rs; readmission.rs; denial.rs","operation-specific stale rebind ready readmission and denial capabilities retain exact materialization and DegradedScanLoweringBasis","Readiness classifies the selected source-bound materialization against a physical frontier and issues ready, stale, or typed denial; readmission binds exact coverage, security authority, and Store authority","None on the Phase 34 degraded readiness and readmission edge","access/degraded_scan/readiness.rs and readmission.rs","operation-specific stale rebind and ready capabilities retaining exact materialization","lowered scan -> freshness classification -> stale/rebind/current; stale + new admitted materialization -> readmission","Completed frontier and cross-source hostile matrices","Private cases; compile-fail copied freshness and cross-source readmission; architecture residue requires exact source authority checks","Current readiness, advanced-frontier stale progression, foreign-Store substitution, equal-family different-source substitution, and full Phase 34 verification pass","13;33","direct","critical","proven_complete"
"35","operation runtime","degraded physical scan","ready scan to exact result","access/execution/physical_execution.rs; access/execution/degraded_scan/executed.rs; physical-format facade scan and receipt","Store-bound exact-scan execution and physical-owner-issued observation","Physical degraded scan consumes opaque ready authority, rejects a physical facade from another Store, and returns execution retaining current materialization plus the lower-owner scan receipt","None on the Phase 34 degraded physical execution edge","access/degraded_scan/execution.rs","DegradedExactScanExecution bound to scan source budget and observed counters","ready degraded scan -> Store identity check -> bounded physical scan -> physical owner receipt -> executed evidence","Completed operation-specific output and read-only common observation","Private lower-owner receipt issuance; Store-identity check; path-kind and counter separation; no conversion to indexed result","Ordinary and foreign-Store runtime scenarios prove selected identity, current materialization, exact scan count, row budget, receipt retention, and denial before execution; full verifier passes","33;34;44","direct","high","proven_complete"
"36","operation runtime","LSM lookup admission","SelectedLsmLookup and exact LSM source frontier to ready lookup","strategy/lsm/execution/admission.rs; materialization/freshness.rs; layout_read_runtime.rs","opaque admitted or stale LSM readiness outcome","Readiness is private-case owner-issued and compares the sealed identity of the exact lower-owner published membership rather than its replacement record projection","No known bypass remains; equal-looking publications with the same output record identity from independent stores produce unequal materialization authority","strategy/lsm/execution/admission.rs","ReadyLsmLookup bound to selected request admitted materialization and admitted durable membership source","selected LSM lookup + exact owner frontier -> opaque admitted or stale readiness","Bind the frontier to the complete published membership capability when the lower owner exposes that handoff","Private fields; exact readiness inventory; private published-membership identity; compile-fail identity and outcome construction; cross-store publication substitution test","Admitted and stale cases have exact observed equality; independent persisted fixtures with equal record projections cannot share materialization authority","16;27;40","direct","critical","proven_complete"
"37","operation runtime","LSM lookup execution","ready LSM lookup to visible result","strategy/lsm/lookup_runtime.rs; execution/lookup_source.rs; lookup_outcome.rs","BaselineLsmLookupExecution privately binds readiness source-bound current materialization exact counters probe and exhaustive visibility observation","Ordinary execution is the sole issuer; absence is created only in the NotFound owner case and counters travel in the same execution capability","none; topology consumes read-only case ids and cannot construct an execution","strategy/lsm/execution/lookup_outcome.rs","LSM lookup execution bound to published membership materialization probe and traversal counters","ready lookup -> component search -> visibility resolution -> found or absent owner outcome","Completed: source execution and owner observation issue one sealed result","Private observation enum and constructor; exact case-set equality; compile-fail source outcome and absence construction","Memtable sorted-run and tombstone-blocked absence exhaust the declared set; stale source unpublished replacement malformed replay and artifact substitution deny; full verifier passes","15;36","direct","critical","proven_complete"
"38","durable authority","LSM membership admission","WAL append to admitted component","forge-store-wal/artifact_store; forge-store-lsm-authority/membership","AdmittedWalArtifactStore plus private-field LsmMembershipRecord bound to the exact persisted append","WAL owns canonical store identity and artifact discovery; LSM authority admits only artifacts within that opaque store handle","none; layout consumes opaque admitted membership and cannot reconstruct store authority from scope or path projections","forge-store-wal/artifact_store; forge-store-lsm-authority/membership","WAL-issued store handle and admitted LSM component retaining store scope segment generation LSN digest path bytes and checksum","durable WAL append -> WAL store admission -> membership artifact validation -> admitted component","Completed: all LSM persistence and reopen paths consume the WAL-owned store handle and admitted records","Private fields; runtime-authority compile-fail prevents store/component construction; dependency gate preserves lower-owner direction","Cross-store equal-scope append/path substitution denies; segment generation bytes checksum and every activation envelope field mutation deny; focused and full Phase 34 verifiers pass","shared lower owners","supporting","critical","proven_complete"
"39","durable authority","LSM active membership","admitted components to current set","forge-store-lsm-authority/membership/session.rs; replay.rs; activation_artifact","WAL-store scan plus replay/readmission issues the active membership session and exact reopen counters","No parallel membership journal remains; in-memory membership is rebuilt solely from admitted durable record and activation artifacts","none; output artifacts are examined but cannot be promoted as membership events and all replayed events re-enter owner validation","forge-store-lsm-authority/membership/session.rs; replay.rs","LsmMembershipSession derived from WAL-owned artifacts with retained store identity replay posture and exact counters","durable artifact scan -> record/activation decode -> owner readmission -> active membership capability","Completed: deleted journal authority and made reopen reconstruct from durable WAL and activation artifacts only","Residue search rejects old journal vocabulary; compile-fail prevents raw session/store/activation construction; exact scanner and readmission counters","Destroy-and-reopen reproduces published membership; five artifacts examined and four owner events readmitted with exact bytes; missing/torn/corrupt activation fails closed or preserves old membership","38","supporting","critical","proven_complete"
"40","durable authority","LSM publication membership","candidate component to visible active membership","forge-store-lsm-authority/membership/publication.rs; activation_artifact; layout strategy/lsm/publication_runtime.rs","post-physical activation declaration durable checkpoint receipt and sealed PublishedLsmMembershipReplacement","Publication visibility is owner-issued only after exact physical publication and durable activation; checkpoint generation coverage and output scope are derived from retained membership lineage","none; callers cannot choose checkpoint generation coverage or pair copied rows with publication authority","forge-store-lsm-authority/membership/publication.rs","PublishedLsmMembershipReplacement retaining output publication and activation scope lineage","selected membership + admitted output + executed physical publication -> owner-derived activation -> durable checkpoint -> admitted replacement -> visible membership","Completed: layout adapts the sealed lower-owner replacement and lookup replay and repeated compaction consume that exact capability","Private activation/replacement fields; physical-publication compile-fail; generic checkpoint and raw construction compile-fail; exact output-scope digest binding","All twenty checksum-valid activation field substitutions deny ordinary reopen; missing and every torn prefix converge safely; repeated compaction increments checkpoint lineage and reopens the exact published base","38;39","supporting","critical","proven_complete"
"41","operation runtime","LSM publication operation","selected append to durable publication","strategy/lsm/publication_runtime.rs plus lower membership owner","SelectedLsmRunPublication and durable component path","The publication operation retains both the selected semantic append and the exact lower-owner PublishedLsmMembershipReplacement; exact maintenance materialization derives from the sealed publication identity","No known layout-side strengthening path remains; the WAL envelope remains a projection while the lower membership capability is carried separately","strategy/lsm/publication_runtime.rs; strategy/lsm/execution/mod.rs","LsmRunPublicationOutcome adapting lower published membership","selected append -> WAL append -> component admission -> manifest publication -> layout observation","Layout outcome may project but never construct lower publication","Dependency direction; private lower publication fields and identity; compile-fail lower identity construction; cross-store equal-output substitution test","Persisted publication-to-exact-maintenance runs end to end; equal-looking independent publications remain distinct; the LSM hostile and focused suites pass","27;38;40","direct","high","proven_complete"
"42","operation runtime","LSM replay source","checkpoint WAL manifest observations to admitted replay basis","forge-store-lsm-authority/replay_source.rs","selected replay source precedence capability","Recovery-owned admission selects precedence and issues an opaque replay-source identity retained by layout materialization and selection","No known layout-side source-precedence or scalar-LSN authority path remains","strategy/lsm/replay/admission.rs","ReadyLsmReplay bound to admitted lower replay source selected operation and materialization target","durable observations -> lower source selection -> layout replay admission","Remove any layout-side source precedence predicates","Private replay-source fields and identity; independently admitted sources cannot alias; compile-fail raw source and identity construction","Checkpoint/WAL/partial-publication scenarios converge deterministically; permutations, duplicate sequences, unsupported kinds, torn publication, and independent-source identity tests pass","39;40","direct","critical","proven_complete"
"43","operation runtime","LSM replay execution","ready replay to semantic run state","strategy/lsm/replay_runtime.rs","replay execution and semantic view","Replay materialization and its current frontier are both derived from the exact sealed replay-source identity before execution; execution retains CurrentLayoutMaterialization","No known post-replay scalar coverage lane remains","strategy/lsm/replay_runtime.rs; materialization/admission.rs; layout_lsm_maintenance.rs","LsmReplayOutcome plus candidate materialization observation for readmission","ready replay -> execute records -> reconcile membership -> emit source-bound materialization observation","Feed replay output through materialization owner before lookup readiness","Private replay admission and execution fields; exact source-bound frontier; compile-fail source construction; structural no-raw-LSN gates","End-to-end WAL and checkpoint replay paths pass with exact membership and counters; hostile permutation, duplicate, torn, and reordered cases deny","16;42","direct","critical","proven_complete"
"44","execution evidence","counter observation","physical operation to admitted observed counters","B-tree execution counters; LSM owner-derived read-only counter schema; degraded physical scan receipt","ordinary B-tree, LSM, and degraded physical owners issue typed counters directly","B-tree counters derive from lower physical reads; LSM lookup, replay, publication, and compaction outcomes derive counters inside their exact owner; degraded counters remain inside the physical owner receipt","None on the Phase 34 counter-observation edge","operation owner counters plus shared read-only observation schemas","operation-owned observed counter capability bound to the executed operation","physical execution -> owner observation -> private counter issuance -> executed outcome","Removed generic LSM constructor and Default lane; narrowed degraded physical receipt issuance to the facade owner","Private constructors; compile-fail raw LSM constructor and Default; residue gates owner-local issuance and lower physical receipt provenance","Exact ordinary matrices cover B-tree lookup/replay, all LSM execution families, and degraded scan; copied raw LSM observations fail externally; full verifier passes","30;34;36","direct","critical","proven_complete"
"45","execution evidence","planned versus observed","selected plan and observed counters to comparison","owner execution counter accessors; certification observation","Generic comparison authority is absent; exact owner executions expose read-only plan and counter observations","No projection or comparison receipt can masquerade as execution authority","none; no current operational consumer requires a separate comparison artifact","owner-local diagnostics only when demanded by a concrete consumer","read-only comparison over an exact executed operation","executed operation -> optional owner-local diagnostic projection","Completed for current APIs: retain no generic comparison lane and add future diagnostics only beside their exact owner","Compile-fail common views and copied counters cannot construct execution; residue rejects generic execution receipt","Plan mismatches deny before execution and exact observed counters remain on owner outcomes; full verifier passes","26;44","direct","high","proven_complete"
"46","execution evidence","executed access authority","ready operation and counters to executed result","B-tree, LSM, and degraded owner execution outcomes; access/execution/view.rs","ordinary B-tree, LSM, and degraded owners privately issue operation-specific execution outcomes; certification consumes an exhaustive observation-only union","ExecutedAccessReceipt and generic execution authority are absent; LSM replay issuance moved inside its execution owner and all outcome constructors are externally sealed","None on the Phase 34 executed-access authority edge","each operation owner outcome plus access/execution/view.rs","operation-specific executed capability and shared observation-only ExecutedLayoutOperation","ready owner capability + owner counters + semantic result -> private owner issuance -> read-only union projection","Completed hostile construction and cross-operation substitution matrix for all seven owners","No constructor on common view; exhaustive owner cases; private owner issuance; compile-fail construction and cross-operation repackaging","All seven owner outcomes reject external construction; a complete cross-owner variant substitution cycle fails by type; residue requires the exhaustive non-authoring union; full verifier passes","32;35;37;44","direct","critical","proven_complete"
"47","recovery","B-tree replay source","checkpoint WAL root observations to admitted source","forge-store-recovery-physics btree replay and layout_btree_recovery.rs","typed recovery source and selected B-tree replay operation","Recovery physics admits checkpoint/WAL/root/store agreement and issues an opaque physical-source identity before layout can materialize or bind semantic replay intent","none; LayoutMaterializationSourceIdentity embeds the sealed recovery-issued source identity rather than reconstructing authority from root projections","strategy/btree/execution/replay_runtime.rs; materialization/source.rs","ReadyBTreeReplay bound to lower admitted source selected replay and target family/domain","physical observations -> recovery owner precedence -> admitted physical source -> source-bound materialization -> selected intent -> replay readiness","Keep precedence and physical truth in recovery-physics; layout only adapts","BTreeReplayLocation has no coverage epoch; the source identity has private fields; independently admitted sources receive distinct identities; runtime-authority compile-fail forbids identity and source construction","Seven B-tree replay scenarios reject stale root, foreign store, copied generation, WAL-only, and missing durable source; lower-owner uniqueness test and runtime-authority compile-fail pass","27;shared recovery owner","direct","critical","proven_complete"
"48","recovery","B-tree replay execution","ready replay to recovered root and materialization","layout_btree_recovery.rs; strategy/btree/execution/replay_runtime.rs","replay runtime and semantic recovery outcome","Physical source admission precedes source-bound materialization; semantic intent is selected from that materialization and only then bound back to the same admitted physical source for replay execution","none; raw root epochs cannot issue replay-current materialization and current authority requires the exact sealed physical-source identity","strategy/btree/execution/replay_runtime.rs; materialization/admission.rs; materialization/freshness.rs","BTreeReplayOutcome carrying recovered root publication evidence and materialization observation","ready replay -> physical replay -> recovered root publication -> materialization admission","Route recovered state through source-bound materialization owner before lookup planning","Private outcome; private materialization constructors; exact source identity comparison; compile-fail epoch and source construction shortcuts","All seven replay scenarios pass with exact physical counter assertions; 139 layout owner tests pass; runtime-authority compile-fail prevents BTreeReplayReady, materialization source, and physical source identity construction","16;47","direct","critical","proven_complete"
"49","physical mutation","LSM compaction intent","selected compaction to physical request","strategy/lsm/execution/compaction_plan.rs; compaction_demand.rs; compaction_runtime.rs; forge-store-lsm-authority/physical_binding.rs","AdmittedLsmCompactionDemand retaining selected active membership lower-admitted durable output and identity-bearing physical reader horizon","Semantic membership durable output and physical retention authority are admitted once and execution consumes only that opaque demand","none; the old separate LsmCompactionInputs LsmCompactionRequest and runtime intent-pairing lanes are deleted","strategy/lsm/execution/compaction_demand.rs","AdmittedLsmCompactionDemand referencing exact active membership and retention basis","selected compaction + active membership + durable output + exact physical horizon -> admitted demand -> execution","Completed: admission binds the lower-owned output to membership and physical intent before runtime execution","Private demand fields; compile-fail construction; residue rejects old request/input files and split runtime signature; physical plan identity and dependency gate","Independent equal-looking reader horizons deny; wrong manifest and wrong protected footprint deny; copied demand construction fails; focused suites and full Phase 34 verifier pass","27;40","supporting","critical","proven_complete"
"50","physical mutation","compaction interlock","physical demand to protected mutation plan","forge-store-physical-isolation/compaction_interlock","sealed owner-issued plan delta publication recovery visibility deferred reclaim drain and mutation-denial outcomes","Physical isolation is the sole case issuer and every plan carries an unforgeable per-admission identity","none; layout exposes only a bijective read-only projection and independently admitted equal-looking plans do not alias","forge-store-physical-isolation/compaction_interlock","sealed physical owner-family outcomes with unique case and plan identity","admitted physical plan -> cutover delta -> publication -> recovery visibility -> deferred reclaim -> drain or exact mutation denial","Completed: all advertised compaction cases are emitted by ordinary physical operations and projection preserves them one-to-one","Private owner cases and plan identity; exact ordinary observed set; projection count unique-id and round-trip equality; dependency gate","All eleven success and denial cases execute through physical owners; independent same-looking reader horizons differ; layout projection is bijective; full Phase 34 verifier passes","49","supporting","critical","proven_complete"
"51","physical mutation","compaction projection","physical outcomes to layout observation","compaction_projection/physical_cutover.rs","read-only layout projection retaining every physical owner case identity","The projection is bijective across the complete physical owner inventory and does not author layout cases","No known bypass remains; future physical cases must enter through the owner inventory and satisfy the exact projection gate","compaction_projection/","read-only bijective projection retaining physical owner case identity","physical outcome -> lossless layout observation","Keep all compaction cases sourced from the physical owner inventory and prohibit layout-authored arrays or merged denial classes","Exact count uniqueness and round-trip projection test","compaction_projection::physical_cutover::tests::projection_preserves_every_physical_owner_case_bijectively passes inside the checked Phase 34 manifest","50","supporting","critical","proven_complete"
"52","transition grammar","operation case identity","owner-private case to topology fact","each ordinary semantic and physical operation owner","private owner cases with public comparison-only case ids","Physical compaction reads maintenance migration rollback corruption readmission imported-blob read admission and restored materialization expose private-field owner case identities","Tiering and blob layout reports remain observations and therefore correctly advertise no executable owner cases","each operation owner's outcome module","sealed permanent OwnerCaseIdentity local to operation family","ordinary decision case -> issued outcome -> read-only case identity","Completed only for executable operations; observation projections do not receive theatrical owner cases","Private case constructors and exact case coverage generation","Exact declared-versus-observed equality passes for every currently advertised operation family","22;29-50","direct","critical","proven_complete"
"53","transition grammar","owner-family inventory","ordinary owner cases to exhaustive contract","operation owners with cold certification aggregation","owner-local case iterators derived from private outcome cases","Owner-local inventories cover reads maintenance migration rollback corruption classification three readmission sources imported-blob admission restored materialization and physical compaction; unreachable advertised cases were deleted","No known consumer contract is authored by certification or a parallel topology catalog","each operation owner outcome module","sealed exhaustive owner-family inventory generated beside operation issuance","owner case declarations -> issued outcomes and exhaustive family contract","Completed with one cold non-authoring courtroom aggregation over fifteen owner families","Exact set equality between declared and ordinary observed cases","All owner-local exact matrices and certification uniqueness aggregation pass","52","direct","critical","proven_complete"
"54","topology","machine aggregation","owner-family contracts to lifecycle topology","certification courtroom/layout/owner_topology.rs","one certification-only cold aggregation over fifteen owner-published case inventories","Aggregation imports no payload constructors defines no edges and has no production export","none; new owner families have one explicit canonical observer insertion point","certification courtroom/layout/owner_topology.rs","cold aggregation of sealed owner-family contracts without authorship power","owner-family contracts -> lifecycle aggregation -> read-only topology observation","Completed: no parallel required-family list or runtime milestone topology remains","Single BTreeMap declaration rejects duplicate families; globally unique case names; S8/S9 production residue gate; dependency direction","Fifteen nonempty families aggregate with globally unique case names; each family has owner-local exact ordinary-case coverage; focused and full verifier pass","53","direct","critical","proven_complete"
"55","topology","public lifecycle facade","owner capabilities to caller next-step graph","permanent bootstrap declarations customization materialization maintenance integrity evolution observation and strategy-declaration modules","owner-issued capabilities and read-only declaration or observation vocabulary","All ten layout_* compatibility roots are removed; permanent owner modules expose the declaration admission planning operation and observation sequence without generic maintenance migration or integrity repackaging","No compatibility root or broad generic outcome export remains on the migrated path","owner-shaped public facades with permanent names","narrow capabilities exposing only valid next operation","declaration facade -> admission facade -> planning facade -> operation facade -> observation","Remove compatibility roots and broad generic outcome exports for migrated path","Public API snapshot and compile-fail removed bypasses","Permanent-topology residue tests reject every removed compatibility root; compile-fail suites prove private issuance readmission maintenance and migration shortcuts remain inaccessible","5-54","direct","critical","proven_complete"
"56","topology","directory ownership","semantic owners to physical module tree","owner-shaped read recovery maintenance degraded-scan B-tree LSM materialization and planning trees","filesystem mirrors operation and authority ownership","Root operation bags are removed; read page and WAL lookup B-tree replay LSM maintenance degraded execution integrity classification/readmission and maintenance admission/lowering/certification each live under their semantic owner","No root layout_* file business-bearing mod.rs or facade.rs remains; all layout source and test files are within the 400-line cap","owner-shaped access planning B-tree LSM degraded materialization recovery directories","filesystem mirrors authority lifecycle and replacement boundaries","declaration/admission/decision/issuance/execution/projection placed under actual owner","Move files only with capability cutovers; mod and facade files aggregate only","Topology residue script; import graph; 400-line and composition review","Recursive topology tests reject business logic in mod/facade files and public authority fields; focused line-cap audit reports zero layout violations; 168 owner and residue tests pass","all","direct","high","proven_complete"
"57","cross-crate adoption","maintenance consumers","maintenance demand to ordinary layout operation","forge-store-maintenance operations certification test-support and layout maintenance owners","permanent public owner operations and observation-only projections","Every cross-crate layout import is inventoried; maintenance and operations use only admitted permanent owner entrypoints while certification observes owner case inventories without constructing outcomes","No consumer imports displaced layout_* compatibility roots or layout strategy/catalog internals","maintenance owner adapters to layout permanent facades","ordinary admitted maintenance intent and operation capability","maintenance declaration -> layout admissions -> selected maintenance operation -> owner outcome","Inventory every consumer and prohibit direct catalog/strategy internals","Cargo/import residue and compile-fail facade bypass","Dependency-direction gate passes across 42 crates; cargo check --workspace is warning-free; maintenance exact lagged rebuild lazy advisory verifier and migration cases execute through ordinary admission","5;7;9;16;55","supporting","high","proven_complete"
"58","cross-crate adoption","tiering consumers","placement and cold-tier demand to layout operation","forge-store-tiering and layout projections","three read-only reports derived from TierPlacementIoAdmission or ColdTierIoPosture","All tiering layout imports are mechanically restricted to layout_observation; reports retain scheduler counters security scope reclaim region and owner posture and are not accepted by layout admission","No remaining authority import or authority-shaped operation is present in tiering layout projections","tiering adapter -> layout permanent facade","admitted tiering intent consuming layout capabilities without authoring them","tiering demand -> owner admission -> read-only layout observation","Keep tiering projection-only until an ordinary tiering operation genuinely consumes a layout capability","Cargo/import graph rejects layout owner imports and authority-shaped projection functions","check_forge_store_phase34_dependencies.py verifies the import boundary across all tiering Rust sources","55","supporting","high","proven_complete"
"59","cross-crate adoption","blob lifecycle consumers","blob reachability retention reclaim demand to layout","forge-store-blob-chunks owner observations and layout imported-blob admission owner","opaque ImportedBlobWitness plus content publication security and Store-authority lineage","Dependency direction is inverted; layout accepts only ImportedBlobWitness and issues a four-case imported read outcome after content-bound materialization concrete-key and request admission","No raw generation digest projection copied scalar equal-looking security scope or another Store authority can enter the imported read path","layout materialization and imported blob read admission owners","layout capabilities bound to blob generation publication content security and exact Store authority","readmitted blob witness -> content and Store lineage -> materialization -> concrete key -> owner read outcome -> selection","Completed through honest export trust-boundary readmission and imported witness issuance","Dependency gate; private source and outcome construction; exact case matrix; cross-store and different-content hostile tests","Five imported-blob scenarios and exact four-case owner matrix pass including cross-store denial and selected-operation continuity","16;50;55","supporting","high","proven_complete"
"60","cross-crate adoption","backup import restore consumers","verified restored content plus current custody to readmitted layout authority","forge-store-recovery-physics reopened artifact admission; forge-store-security readmitted scope; forge-store-operations restore adapter; layout materialization","content-bound recovery admission, replay frontier, sealed current-authority custody readmission, and target-family authority lineage","Operations now executes offline classification and layout readmission before materialization; the lower recovery witness retains verified digest and replay frontier, security retains the exact Store authority used for readmission, and admitted families retain comparison-only Store authority lineage","No observation custody receipt raw digest or equal-looking family can independently materialize restored content","backup/import/restored_layout_materialization.rs -> layout integrity and materialization owners","current-scope content-bound restored materialization capability","verified reopened artifacts -> recovery readmission witness -> layout offline readmission -> sealed custody readmission -> target-family authority match -> exact restored materialization","Completed hard cutover for the existing backup/import/restore path without promoting offline reports or custody evidence alone","Private fields; compile-fail raw readmitted scope and restore source identity; exact Store-authority lineage comparison","Two ordinary operations scenarios pass: distinct restored bytes produce distinct source identities and cross-store target-family substitution denies; layout 134 tests, operations 24 tests, and foundations compile-fail pass","2;3;16;55","supporting","critical","proven_complete"
"61","courtroom","scenario entry","fixture declaration to ordinary production operation","forge-store-test-support layout and LSM harnesses plus certification layout courtroom","ordinary concrete-key request materialization selection and owner execution paths","Synthetic selector scope-guessed key hybrid shape-coverage and direct counter-witness lanes are removed; layout harnesses prepare physical inputs and call ordinary owner operations","No known test-support helper can construct layout request outcomes readiness or exact counter authority","test support raw declarations and scenario drivers only","scenario inputs with no authority issuance","fixture -> ordinary admission facades -> ordinary operation -> observation","Completed: audited layout and LSM harness entrypoints and mechanically banned displaced request selector and exact-counter constructors","Dependency gate rejects exact counter witness construction raw request structs planned-counter envelope construction and removed selector shortcuts in layout harness roots","All 129 layout scenarios pass; certification owner topology consumes read-only owner case inventories and the dependency gate passes across 42 crates","18;55","direct","critical","proven_complete"
"62","courtroom","case coverage","owner-family contract to observed ordinary cases","owner-local ordinary-operation exact-set tests plus certification owner inventory aggregation","exact owner case identities observed only from ordinary production facades","Exact set equality now covers B-tree readiness and execution, degraded readiness, persisted LSM lookup and admission, maintenance admission, migration, rollback, corruption classification, all readmission families, and physical compaction projection","No advertised owner case remains supported only by catalog membership; the unreachable maintenance replay-stability case was deleted when the matrix proved no owner could emit it","owner-local exact coverage matrices and certification/courtroom/layout/owner_topology.rs","ordinary operation outcomes as the sole observed owner-case evidence","owner-family contract -> ordinary scenarios -> exact set equality -> cold courtroom aggregation","Keep every success denial deferred stale rebind compatibility and readmission case executable through its owner","Exact BTreeSet equality; duplicate/missing/unexpected case failure; dead advertised cases are removed","Focused migration/rollback and 21-case maintenance matrices pass; integrity/readmission and read/physical matrices remain green","53;61","direct","critical","proven_complete"
"63","courtroom","architectural residue","source graph to boundary verdict","topology_residue_tests architecture_residue_tests compile-fail fixtures and check_forge_store_phase34_dependencies.py","recursive source topology vocabulary public-field and import-graph verdicts","Executable gates reject milestone vocabulary compatibility roots generic outcomes raw authority lanes public fields business logic in mod/facade files and inverted cross-crate dependencies","No named false-completion residue remains; known-bad mutations prove the classifiers fail closed","scripts/ci/layout_authority_residue.rs or equivalent","mechanical forbidden-pattern and import-graph verdict","source inventory -> residue rules -> CI verdict","Expand current executable guards to every false-completion rule and add known-bad mutation validation","Reject generic transition arrays public fact fields S8/S9 production names raw selection lanes and business logic in mod/facade files","Seven topology residue tests include known-bad mutation validation; all ten compile-fail families fail for intended privacy/type errors; dependency direction passes across 42 crates","all","direct","critical","proven_complete"
"64","verification","dependency direction","semantic owners to lower physical and upper courtroom crates","Cargo manifests across layout physical WAL recovery certification plus scripts/ci/check_forge_store_phase34_dependencies.py","Production dependency direction is derived from all 42 crate manifests","Physical owners cannot depend on layout certification or test-support; layout cannot depend on certification or test-support in production","No known production crate-graph inversion remains; module-level deep-import expansion remains part of residue enforcement","workspace dependency policy plus public owner facades","lower physical owners -> layout adapters -> readiness/certification observers","crate graph + module import graph -> dependency verdict","Keep the manifest-derived gate in the checked verification bundle and extend import rules when a lower module boundary is introduced","Cargo graph script and forbidden dependency assertions","Dependency gate passes across 42 crates and focused package checks compile without feature-only authority inversion","55;57-60","supporting","critical","proven_complete"
"65","verification","warning integrity","cutover to compiler diagnostics","entire Forge Store production workspace","warning-clean production and test-target graph","Dead builders fake protocols impossible reports fixed-denial wrappers redundant courtroom exports and unused compatibility accessors were removed or confined to honest test ownership","No warning residue was observed in the complete workspace no-run test graph","changed production crates and scoped warning baseline","zero production and test-target warnings with dead cutover code removed","cutover -> workspace check -> warning-free production graph -> warning-free test graph","Keep production and test targets warning-clean without blanket suppression","CI deny-warnings gate on production and test targets","cargo test --workspace --no-run --message-format short completes with zero warnings and zero errors","all","supporting","high","proven_complete"
"66","verification","command integrity","verification command to trusted gate","scripts/ci/verify_forge_store_phase34.ps1 and compile-fail support","one fail-fast command manifest covers dependency direction focused checks runtime suites courtroom topology test support physical format and workspace verification","All 10 layout compile-fail groups assert intended diagnostics rather than E0463 and the complete manifest passes","No command-integrity gap remains in the checked manifest","documented Phase 34 verification bundle","reproducible command manifest with expected suites and fixture error classes","source residue -> compile checks -> runtime suites -> UI fixtures -> workspace verification","Keep the checked manifest aligned with every Phase 34 mechanical gate","Each UI fixture asserts intended privacy/type diagnostic and rejects E0463","scripts/ci/verify_forge_store_phase34.ps1 -Workspace passes end to end including 42-crate dependency direction 169 layout tests all 10 compile-fail groups physical compaction durable LSM authority five courtroom scenario binaries certification topology test-support physical-format and workspace checks","61-65","direct","critical","proven_complete"
"67","completion","honest Phase 34 closure","ordinary admitted request to executed owner evidence","permanent owner-shaped declaration admission planning execution recovery maintenance integrity and courtroom graph","family domain strategy materialization request selection budget lowering readiness physical execution counters and owner evidence are connected through typed owner-issued capabilities","Every audited authority edge has its required owner boundary and ordinary production path; projections observations catalogs certification and test support remain non-authoring","No missing boundary or bypass remains after the 67-row audit residue gates compile-fail suites and adversarial courtroom execution","permanent owner-shaped graph","family domain strategy materialization request selected budget lowered ready counters executed capabilities","declaration -> all admissions -> deterministic selection -> owner lowering -> owner readiness -> physical execution -> owner evidence -> courtroom observation","Every advertised case is emitted by an ordinary owner and no projection sibling test catalog or courtroom surface can mint a stronger stage","All false-completion residue rules plus complete verification bundle","All supported durable families and access shapes execute with exact counters; cross-store stale copied malformed torn and authority-substitution scenarios fail closed","1-66","direct","critical","proven_complete"
