"id","domain","operation_edge","current_owner","current_surface","current_authority_shape","current_gap","target_owner","target_surface","target_authority_shape","required_change","proof_gate","depends_on","priority","status"
"1","proof substrate","owner issuance grammar","forge-proof","AuthorityWitness; TransitionOutcome","shared vocabulary for authority and result projections","Available but applied inconsistently across operation owners","forge-proof plus each operation owner","owner-local recipe and issued capability","Forge Proof supplies grammar; the domain owner supplies meaning and issuance","Use existing AuthorityWitness and TransitionOutcome in owner-local recipes without creating a Store-wide authority factory","Compile-fail: callers cannot issue witnesses or promote projections","none","critical","available"
"2","artifact family","declaration to lifecycle admission","layout-indexes/artifact_family plus legacy catalog admission","AdmittedPhysicalArtifactFamily retains lifecycle authority and exact Store security identity","all six ordinary read replay publication and compaction planning paths carry the opaque admitted family through selected operation fingerprints and stale readmission; legacy non-read catalog APIs remain","The Phase 34 path is Store-bound but old ArtifactFamilyLifecycleAdmission and ArtifactFamilyAuthorityWitness remain reachable for customization migration maintenance and catalog tests","layout-indexes/artifact_family","admit declaration with current security authority; carry admitted family","one opaque lifecycle capability retained through request selection execution and readmission","Migrate remaining consumers then make intermediate catalog authority private to artifact-family admission","Runtime rejects same-family cross-authority substitution; compile-fail admitted family fields are private; planning lib scenarios and runtime UI pass","1","high","ordinary_read_chain_proven_remaining_consumers_partial"
"3","key domain","family to admitted domain","layout-indexes/keyspace/admission","AdmittedPhysicalKeyDomain plus AdmittedConcretePhysicalKey","owner-issued capability retains admitted family security identity raw domain canonical encoding comparator collision law composite ordering tenant partition and domain-applicable prefix and range laws","The six ordinary operations request identity selected plans fingerprints and readmission use the admitted domain; legacy law facades and non-read strategy/customization paths still expose raw witnesses","layout-indexes/keyspace","admit domain for admitted family","opaque domain capability containing family lineage and ordering encoding laws","Migrate remaining consumers then make raw domain and individual law issuance owner-private or projection-only","Runtime exact law-suite and cross-security tests; compile-fail admitted domain fields and raw request lane; 118 library tests plus B-tree LSM and replay courtroom suites pass","2","high","ordinary_read_domain_capability_proven_remaining_consumers_partial"
"4","request identity","raw key to canonical physical request","layout-indexes/planning/access_request plus keyspace/request_identity plus access/intent","AdmittedPhysicalAccessRequest binds Store-bound admitted family admitted key domain canonical identity coverage-free AdmittedAccessIntent and source-bound admitted catalog materialization before selection","Raw AccessShapeContract ends at request admission; all six operations carry admitted intent; read and replay operations retain AdmittedLayoutMaterialization while mutation operations explicitly carry no read materialization; selected plans and fingerprints retain both capabilities","Broad request still uses Option to combine read and mutation families; raw shape constructors still accept coverage; scope-only synthetic selector remains","layout-indexes/request","admit physical access request","separate opaque read and mutation request capabilities binding family domain canonical key intent and applicable materialization basis","Split read and mutation requests remove coverage from raw shape declarations after completeness consolidation and delete the scope-only selector","Structural test rejects raw shape downstream; runtime hostile coverage substitution and private-field UI tests for request materialization and intent; full library and scenario suites pass","2;3;7","critical","intent_materialization_separation_proven_request_split_partial"
"5","request identity","authoritative request to diagnostic binding","layout-indexes/keyspace/request_identity","AdmittedPhysicalAccessIdentity with no scalar authority projection","exact canonical identity is carried directly by selected and executed capabilities","The unused binding_words projection has been removed; no scalar projection remains adjacent to authority APIs","layout-indexes/request/identity","exact admitted request identity only","authority APIs retain the opaque exact identity; diagnostics may compare read-only canonical bytes but cannot reconstruct authority","Keep scalar binding projections absent and carry the admitted identity unchanged","Compile-fail request_identity_has_no_scalar_authority_projection plus focused request_identity tests pass","4","critical","scalar_projection_removed_identity_authority_proven"
"6","access intent","shape declaration to admitted operation intent","layout-indexes/planning/access_request plus access/shape plus strategy/registry","AdmittedPhysicalAccessRequest retains AccessShapeContract only after family materialization and operation-lane admission","The family service-lane versus operation-lane matrix is enforced before candidate classification and reused by registry admission; production selection accepts only the admitted request","AccessShapeContract remains broad and the scope-only synthetic selector still bypasses exact request identity under cfg(test)","layout-indexes/request","classify and admit intent","exhaustive operation intent capability bound to admitted request and compatible family service lane","Keep raw shape construction inside owner facades and remove scope-only synthetic selection under row 52","Runtime proves hot-path families admit maintenance while maintenance/readmission families cannot enter foreground strategy admission; raw external selection and admitted-request construction compile-fail","4","critical","operation_intent_request_boundary_proven_synthetic_test_lane_tracked_row52"
"7","materialization","coverage evidence to admitted materialization","layout-indexes/materialization/admission","materialization/source.rs; coverage_basis.rs; coverage.rs; admission.rs","Ordinary B-tree and LSM lookups derive admitted basis from exact physical root or published replacement identity and retain current materialization through execution","Replay checkpoint blob receipts current frontier completeness and absence remain; full non-Copy durability receipt retention remains","layout-indexes/materialization","admit materialization basis","opaque capability retaining source coverage freshness completeness publication lineage and absence eligibility","Add lower-owner source variants then remove shape-carried coverage and make readiness/readmission consume the capability directly","Request API has no coverage epoch or LSN; B-tree and LSM courtroom tests prove retained source kind; private-field UI passes","2;4","high","lookup_lower_source_proven_replay_and_posture_partial"
"8","strategy","family declaration to invariant-bound strategy","layout-indexes/strategy","S8AdmittedLayoutStrategy retains private StrategyAuthorityBasis and B-tree/LSM invariant suites","Planning maintenance rebuild customization and extension consumers admit strategy only from AdmittedPhysicalArtifactFamily plus AdmittedPhysicalKeyDomain; selected indexed operations and fingerprints retain the exact strategy","Bare family vocabulary and milestone naming remain; family-specific admitted strategy types are not split","layout-indexes/strategy","admit strategy for request and materialization","opaque family-specific strategy capability retaining admitted family domain and invariant suite","Narrow bare family vocabulary to declaration/diagnostics and adopt permanent family-specific names where useful","Structural residue rejects LegacyWitnesses raw admission wrappers lifecycle/domain projections and raw registry constructors; layout extension scenario and UI suites pass","3;6;7","high","admitted_strategy_authority_cutover_proven_naming_partial"
"9","planning","admitted inputs to candidate set","layout-indexes/planning","planning/access_request.rs; alternative.rs; selection_decision.rs; selection_issuance.rs","one candidate derivation and one private exhaustive operation decision consumed mechanically by issuance","The parallel access/planning tree and downstream family/shape reclassification are removed; candidate derivation still consumes registry snapshots instead of the target consolidated admitted-strategy capability","layout-indexes/planning","candidate classification","private candidate cases derived only from admitted request materialization strategy and budget facts","Preserve the single classifier and mechanical issuer while migrating candidate inputs to consolidated admitted strategy and materialization capabilities","Planning structural gate proves one candidate derivation one classifier and no issuance-side family shape or is_* predicates; deterministic tests scenarios and runtime compile-fail pass","4;6;7;8","critical","single_classifier_topology_proven_strategy_lineage_partial"
"10","planning","candidate set to selected B-tree lookup","layout-indexes/planning","SelectedBTreeLookup","private exact operation capability","Exact split exists but milestone vocabulary and shared reconstruction bridge remain","layout-indexes/planning","SelectedBTreeLookup renamed permanently","opaque selected lookup carrying complete admitted lineage","Keep exact issuance; delete shared-plan reconstruction and rename milestone types","Compile-fail siblings and generic plans cannot enter lookup lowering","9","critical","mostly_sound"
"11","planning","candidate set to selected B-tree root publication","layout-indexes/planning","SelectedBTreeRootPublication","private exact operation capability","Selection exists but physical demand is not fully bound end to end","layout-indexes/planning","SelectedBTreeRootPublication renamed permanently","opaque selected publication carrying exact root mutation intent","Bind selected publication to physical-format admission without scalar reconstruction","Compile-fail lookup replay and raw append shape cannot publish","9","critical","partial"
"12","planning","candidate set to selected B-tree replay recovery","layout-indexes/planning","SelectedBTreeReplayRecovery","private exact operation capability","Selection exists but recovery source ownership is not connected","layout-indexes/planning","SelectedBTreeReplayRecovery renamed permanently","opaque selected replay intent paired later with WAL and manifest authority","Connect only to recovery-owned admitted replay source","Compile-fail publication or copied generation cannot replay","9","critical","partial"
"13","planning","candidate set to selected LSM lookup","layout-indexes/planning","SelectedLsmLookup","private exact operation capability consumed inside LayoutReadRuntime","Ordinary persisted-WAL adoption is proven; milestone naming remains until permanent topology cutover","layout-indexes/planning","SelectedLsmLookup renamed permanently","opaque selected LSM lookup retaining request and plan lineage","Retain exact issuance and rename with the permanent LSM read topology","Compile-fail B-tree or generic indexed capability cannot enter LSM admission; courtroom traverses concrete selection","9","critical","mostly_sound"
"14","planning","candidate set to selected LSM publication","layout-indexes/planning plus layout_lsm_maintenance","SelectedLsmRunPublication -> BaselineLsmRunPublicationAdmission","private exact operation capability retaining request budget lifecycle and plan lineage","Exact selection and pre-execution admission now gate the combined executor; WAL and manifest owners still do not issue the final publication authority","layout-indexes/planning then WAL-owned publication admission","SelectedLsmRunPublication -> AdmittedLsmRunPublication","selection chooses the exact operation; WAL publication owner alone admits and executes it","Move final publication issuance to WAL and manifest owners; remove generic indexed fallback and the combined layout-owned execution result","Compile-fail admission fields are private; runtime different canonical WAL identity is denied before execution","9;17;37;38","critical","partial"
"15","planning","candidate set to selected LSM replay","layout-indexes/planning plus layout_lsm_maintenance","SelectedLsmReplayRecovery -> BaselineLsmReplayAdmission","private exact operation capability retaining request exact coverage budget lifecycle and plan lineage","Exact selection and pre-execution admission now gate replay observation; recovery-physics still does not issue the durable replay source","layout-indexes/planning then recovery-physics","SelectedLsmReplayRecovery -> AdmittedLsmReplaySource","selection chooses replay intent; recovery owner binds authoritative checkpoint manifest and WAL precedence","Move durable replay source issuance to recovery-physics; remove witness-local replay truth and generic indexed fallback","Compile-fail admission fields are private; runtime different canonical WAL identity is denied before execution","9;17;37;39","critical","partial"
"16","planning","candidate set to selected LSM compaction","layout-indexes/planning plus layout_lsm_maintenance plus strategy/lsm","SelectedLsmCompaction -> BaselineLsmCompactionAdmission -> canonical LSM key -> persisted compaction plan","exact selected capability and maintenance budget now precede key admission and persisted lowering","Selection admission and canonical-key continuity are proven; protected ranges physical mutation identity and physical-isolation outcome remain unbound","layout-indexes planning then physical-isolation compaction owner","SelectedLsmCompaction -> AdmittedLsmCompaction -> physical compaction plan","selection carries intent and canonical key; physical isolation owns cutover publication visibility and reclaim cases","Carry the admission through durable inputs; bind protected ranges and physical mutation authority; delete generic fallback","Compile-fail lookup cannot enter compaction admission; admissions are private; runtime Store-scoped exact selection is required before key and plan lowering","9;17;19;37;40;41","critical","partial"
"17","planning","candidate set to residual indexed operations","layout-indexes/planning","SelectedIndexedAccessPlan","generic exact-looking wrapper","Fallback hides unsupported or not-yet-split operations and can be reconstructed by tests","no production owner","explicit unsupported selection denial or exact new operation types","every supported operation has its own capability; unsupported shapes are denied","Classify every remaining fallback case then split or deny; delete generic type","Exact inventory equality; residue check forbids SelectedIndexedAccessPlan","10;11;12;13;14;15;16","critical","missing_inventory"
"18","budgeting","resource declaration to generic grant","forge-store-budgets/pre_execution","S8PreExecutionBudgetAdmissionReceipt","opaque generic resource evidence","Sound capacity evidence is obscured by milestone naming and broad exports","forge-store-budgets/pre_execution","PreExecutionBudgetGrant","generic resource capability explicitly unable to authorize operations","Rename permanent vocabulary and narrow exports","Compile-fail grant alone cannot lower execute publish replay or compact","none","medium","mostly_sound"
"19","budgeting","selected operation to admitted work budget","forge-store-budgets/layout_plan","LayoutPlanWork; AdmittedLayoutPlanBudget","caller-authored work paired with selection after fact","Caller can describe work independently of the operation owner","operation owner plus forge-store-budgets","owner-issued demand admitted by budget owner","selected operation issues opaque typed demand; budget owner returns capacity bound to that demand","Replace public work constructors with owner-issued operation demand","Compile-fail copied cost counters cannot create demand or grant","10;11;12;13;14;15;16;18","critical","partial"
"20","physical admission","generic grant to root publication readiness","physical-format/facade","PlatformPhysicalRootPublicationReady","private physical capability from scalar parameters plus grant","Selected operation identity is not fully retained","physical-format/root_publication","admit selected publication demand","physical readiness bound to owner-issued publication demand and exact storage generation","Replace scalar request inputs with selected-operation demand adapter","Runtime identity equality; compile-fail generic grant and copied ids cannot publish","11;19","critical","partial"
"21","physical admission","generic grant to degraded scan readiness","physical-format/facade","PlatformPhysicalDegradedExactScanReady","private physical capability from scalar work inputs","Request identity and row/page/byte units are not fully typed end to end","physical-format/degraded_scan","admit selected scan demand","physical readiness bound to typed work units and exact request","Introduce row page byte and extent units; consume owner demand","Unit confusion compile-fail; hostile overflow and zero-work cases","19;27","critical","partial"
"22","indexed lookup","selected B-tree lookup to lowered lookup","layout-indexes/access/execution/indexed","LoweredIndexedAccess","owner-local Forge Proof recipe","Operation is structurally sound but names topology and compatibility wrappers remain broad","layout-indexes/indexed_read","lower selected B-tree lookup","opaque lowered lookup with exact recipe evidence","Rename permanent topology and remove broad outcome wrappers","Compile-fail direct construction and sibling entry; runtime lineage equality","10;19","critical","mostly_sound"
"23","indexed lookup","lowered lookup to execution readiness","layout-indexes/access/execution/indexed","IndexedExecutionReady","owner-issued readiness capability","Readiness is exact but old deferred readmission and wrapper vocabulary remains nearby","layout-indexes/indexed_read","admit execution readiness","opaque ready lookup; only semantically reachable cases represented","Delete impossible stale cases and shared compatibility outcomes","Exact decision table; compile-fail payload or prior witness cannot construct readiness","22","critical","partial"
"24","degraded scan","selected scan to lowered scan","layout-indexes/access/execution/degraded_scan","LoweredDegradedExactScan","owner-local Forge Proof recipe","Test-only shared-plan reconstruction and untyped work demand remain","layout-indexes/degraded_scan","lower selected degraded scan","opaque lowered scan binding typed demand request and basis","Delete reconstruction bridge and introduce typed demand","Compile-fail indexed sibling and copied counters cannot lower","17;19","critical","partial"
"25","degraded scan","lowered scan to ready stale or rebind","layout-indexes/access/execution/degraded_scan","DegradedScanReady; StaleDegradedExactScan; RebindRequiredDegradedExactScan","owner-issued exact readiness family","Cases are sound but compatibility outcomes and full case inventory remain","layout-indexes/degraded_scan","classify readiness","private case enum with public read-only view and owner-issued next capabilities","Generate exact case inventory and delete compatibility wrappers","Runtime exact case equality; compile-fail case payload cannot promote","24","critical","partial"
"26","degraded scan","stale scan to readmitted scan","layout-indexes/access/execution/degraded_scan plus facade/readmission","DegradedScanReadmission; DegradedScanRebindAdmission; exact admitted family and key-domain comparison","owner-local readmission rejects copied family labels raw domain labels cross-security family substitution and any nonidentical admitted domain law suite","Generic freshness authority factories broad facade topology and incomplete hostile authority scenarios remain","layout-indexes/degraded_scan","readmit stale scan","opaque readmission requiring current exact coverage original stale capability and same admitted family and domain authority","Move remaining generic freshness issuance into the degraded owner and add direct hostile authority scenarios","Hostile mismatched request basis owner family authority admitted domain and coverage cases plus ordinary execution","25","critical","family_and_domain_continuity_proven_generic_freshness_partial"
"27","degraded scan","ready scan to physical execution","layout-indexes degraded runtime plus physical-format facade","DegradedScanExecution retaining PlatformPhysicalDegradedExecutionObservation","physical owner observation projected by layout owner","Production source is sound but scalar row admission and typed units remain","physical-format/degraded_scan then layout-indexes/degraded_scan","execute admitted scan then project result","physical owner alone performs work; layout owner creates semantic projection","Bind exact selected demand and typed work units into physical readiness","Runtime ordinary execution; compile-fail nonphysical execute and generic counter admission","21;25","critical","mostly_sound"
"28","B-tree lookup","ready lookup to lookup admission","layout-indexes/strategy/btree/execution plus layout_read_runtime","BaselineBTreeLookupAdmission issued only from IndexedExecutionReady","ordinary PageLookupRequest performs concrete planning lowering and readiness internally","Exact admission and ordinary point adoption are proven; permanent topology naming remains","layout-indexes/btree_read","admit B-tree lookup","opaque B-tree lookup capability retaining exact request plan and physical demand","Move the proven chain into permanent btree_read topology and retain private issuance","Compile-fail root publication replay LSM copied fingerprint and direct request construction cannot admit","23","critical","mostly_sound"
"29","B-tree lookup","lookup admission to physical page traversal","layout-indexes BTreeLookupRuntime plus physical-format and physical-isolation APIs","BaselineBTreeReadPreflight -> StablePhysicalReadPlan -> single-use BaselineBTreeReadSource -> StableBTreeLookupExecution","preflight derives exact root and two-child identities; recovery authority publishes and revalidates the complete footprint; execution releases it and retains matching compaction ranges","Stable-read and overlapping-compaction capability is complete; permanent btree_read topology and removal of transitional witness naming remain","physical-format/page_read plus physical-isolation/read plan","preflight root -> derive bounded root and child footprint -> publish hazard -> reobserve epochs -> issue B-tree read source -> execute","source carries an execution-ready stable-read plan whose protected footprint includes root and candidate children before byte traversal","Move the proven protocol into permanent btree_read topology and preserve single-use source semantics","Incomplete footprint cannot issue source; stale generation denies; exact receipt and ranges defer overlapping compaction reclaim; compile-fail raw source cannot construct","28","critical","mostly_sound"
"30","B-tree lookup","physical observations to semantic lookup result","layout-indexes/strategy/btree/execution plus layout_read_runtime","StableBTreeLookupExecution contains semantic lookup exact counters stable-read release and matching protected range set","ordinary point range and prefix results preserve request binding shape branch separator reference counters and physical isolation evidence","Semantic and compaction result matrix is proven; permanent topology and milestone vocabulary remain","layout-indexes/btree_read","project physical traversal result","opaque semantic lookup result preserving physical observation request lineage and stable-read evidence","Move the proven result family into permanent btree_read topology","Runtime point range prefix absent corrupt stale-root incomplete-footprint and concurrent-compaction matrix","29","critical","mostly_sound"
"31","B-tree publication","selected publication to publication admission","layout-indexes/strategy/btree/execution","BaselineBTreeRootPublicationAdmission","exact selected-operation admission","Exact admission exists but physical demand binding is incomplete","layout-indexes/btree_publication","admit selected root publication","opaque publication operation passed to physical owner","Bind owner demand budget WAL and manifest prerequisites","Compile-fail lookup replay and copied root ids cannot admit","11;19","critical","partial"
"32","B-tree publication","admitted publication to persisted root observation","physical-format/facade/root_publication","execute_admitted_root_publication; PlatformPhysicalRootPublicationReport","physical-format performs persisted mutation","Strong physical operation exists but parallel layout counters and incomplete selected lineage remain","physical-format/root_publication","execute publication capability","sealed physical publication observation carrying persisted generation and source identities","Consume selected-demand-bound readiness and remove parallel counter construction","Crash matrix around data WAL manifest and root ordering; copied report cannot authorize replay","20;31","critical","partial"
"33","B-tree replay","selected replay to admitted recovery source","recovery-physics/btree_replay plus source_precedence plus physical-format facade","BaselineBTreeReplayAdmission -> AdmittedBTreeReplaySource<BaselineBTreeReplayAdmission> retaining AdmittedRecoverySource PhysicalStoreIdentity and BTreeReplayRootAgreement","Recovery owns the private-field source capability; checkpoint admission retains the exact logical-root PhysicalReference; root agreement binds checkpoint identity exact root generation and slot checkpoint coverage and contiguous WAL tail; physical reopen checks Store identity and manifest membership","Checkpoint-root and frontier agreement are now structural; explicit courtroom cases for torn checkpoint publication and recovery-blocked source posture remain to complete the crash matrix","recovery-physics plus physical-format; layout-indexes consumes","admit B-tree replay source","recovery owner issues replay capability bound to selected operation Store identity physical artifact exact logical root durable checkpoint publication and contiguous WAL tail","Keep WAL-only denied until ordinary WAL replay materializes a root capability; add torn-publication and recovery-blocked courtroom cases without test-only source issuance","Hostile truncated WAL stale checkpoint partial publication generation rollback source disagreement wrong Store and recovery-blocked posture","12","critical","root_frontier_agreement_proven_crash_matrix_partial"
"34","B-tree replay","admitted source to recovered B-tree state","layout-indexes/layout_btree_recovery and strategy/btree/execution/replay_runtime","BTreeReplayRequest -> selected replay admission -> recovery-owned source with BTreeReplayRootAgreement -> BTreeReplayRuntime -> BaselineBTreeReplayRecoveryExecution retaining canonical recovery-source digest","Ordinary facade performs selection and recovery admission; physical reopen checks Store identity and exact current record membership; layout validates B-tree root and leaves; witness replay method is removed; generic source intent and WAL-only unmaterialized roots cannot enter execution","Seven courtroom cases now cover success stale physical root wrong security wrong Store absent durable source copied checkpoint-root generation and WAL-only root borrowing; torn-publication and recovery-blocked cases remain","recovery-physics plus physical-format then layout-indexes/btree_replay","execute admitted replay and project B-tree state","physical recovery performs bytes under Store-bound artifact authority; recovery owns source agreement; layout owner validates B-tree semantics and projects state","Complete torn-publication and recovery-blocked cases through ordinary source discovery; preserve exact denial matching and sealed source construction","Runtime recovery scenarios through production facade; exact source digest retained; test support cannot issue source agreement artifact or execution outcome","33","critical","ordinary_operation_proven_hostile_matrix_partial"
"35","LSM lookup","selected lookup to lookup admission","layout-indexes/strategy/lsm/execution","BaselineLsmLookupAdmission","private admission retains SelectedLsmLookup directly","The authority projection defect is removed; permanent naming and ordinary runtime adoption remain","layout-indexes/lsm_read","admit selected LSM lookup","opaque admission retains the complete owner-issued selection","Rename permanent vocabulary when the LSM vertical slice moves to final topology","Compile-fail copied fingerprint and request identity cannot admit; runtime admission retains exact selection","13","critical","mostly_sound"
"36","LSM lookup","admission plus durable state to visibility result","layout-indexes/strategy/lsm plus layout_read_runtime","LsmLookupRuntime; BaselineLsmLookupSource issued by executed durable membership","ordinary facade derives concrete-key selection internally and executes newest older and tombstone-blocked cases from probe input","Persisted-WAL success and security-scope hostility are proven; duplicate sequence malformed run and permanent WAL/manifest adapters remain","layout-indexes/lsm_read with WAL/manifest adapters","execute lookup against admitted durable run set","LSM owner classifies newest visible version from owner-admitted run membership and snapshot sequence","Replace transitional execution-witness source issuance with permanent WAL and manifest owner adapters and complete malformed-membership hostility","Latest older tombstone duplicate sequence and malformed run hostility matrix","35;37","critical","partial"
"37","LSM durable state","WAL append receipts to durable component membership","forge-store-lsm-authority/membership","LsmMembershipKey; LsmMembershipRecord; LsmMembershipSession; LsmCompactionMembership; PublishedLsmMembershipReplacement","The LSM authority crate owns private-field membership state selection atomic replacement and published-base ancestry above WAL durability; WAL no longer exports semantic membership","No ownership or repeated-membership gap remains at this edge; broader physical execution and recovery precedence remain separate rows","forge-store-lsm-authority/membership","durable LSM membership owner","only LSM-authority-admitted WAL records enter a store-bound membership session; selection is opaque version-bound ancestry-bound and replacement commit requires exact physical publication","Keep WAL as durability substrate and keep semantic membership replacement inside the cross-owner LSM authority","Compile-fail external crates cannot construct keys records sessions compaction membership or replacement capabilities; crash/reopen proves identical replacement decisions; a two-generation ordinary fixture proves selected base identity and reopened second output","32;38;61;62;63","critical","owner_extracted_repeated_membership_proven"
"38","LSM publication","prepared compaction plus selected publication to manifest-visible membership","forge-store-lsm-authority plus layout-indexes/lsm_publication plus physical-isolation","InterlockedLsmCompaction plus BaselineLsmRunPublicationAdmission plus AdmittedLsmMembershipReplacement -> PublishedLsmCompaction carrying PublishedLsmMembershipReplacement","Publication requires semantic selection exact physical intent opaque matching rewrite publication durable output exact manifest and atomic membership replacement before lookup authority returns","No row-38 cross-owner capability or crash-cutover gap remains; output durability physical rewrite manifest binding and atomic replacement are independently mandatory","forge-store-lsm-authority plus layout-indexes/lsm_publication plus physical-isolation","publish selected LSM component","layout issues semantic demand; physical isolation proves the exact rewrite; WAL proves durability; LSM authority alone joins these into visible replacement","Keep the exact replacement and physical proof mandatory while completing the cross-owner crash matrix","Compile-fail output cannot admit without durable receipt and physical intent; replacement cannot bind without manifest; commit cannot run without physical publication; wrong physical is denied; every append byte yields exactly old or new authority","14;19;37;61;64","critical","cross_owner_capability_crash_matrix_proven"
"39","LSM replay","durable membership plus recovery precedence to visible replay state","forge-store-lsm-authority/replay_source plus layout-indexes/strategy/lsm/replay_runtime","SelectedLsmReplayRecovery -> BaselineLsmReplayAdmission plus AdmittedLsmReplaySource -> LsmReplayRuntime","LSM authority owns a private-field replay source bound to exact membership checkpoint coverage and exact replacement manifest digest; layout only executes the admitted source","No row-39 owner or precedence gap remains; source admission is exact-digest and partial-publication aware and execution consumes only the owner-derived plan","forge-store-lsm-authority/replay_source then layout-indexes/lsm_replay","admit and execute LSM recovery source","recovery owner binds store authority checkpoint posture WAL frontier membership version exact component identities and source precedence into one sealed source; layout only applies LSM semantic projection","Extend the admitted source across incomplete checkpoint and partial-publication classifications; preserve the independent replay facade","Duplicate sequence torn tail stale checkpoint incomplete namespace source disagreement wrong store wrong key retired membership and copied-record hostility; compile-fail layout cannot construct source","15;37;63;65;66","critical","owner_extracted_precedence_matrix_proven"
"40","LSM compaction","selected compaction to physical mutation plan","layout-indexes/lsm_compaction plus physical-isolation/compaction_interlock","SelectedLsmCompaction -> LsmCompactionPlan -> LsmPhysicalCompactionIntent owning CompactionReadInterlockPlan -> PreparedLsmCompaction","Exact semantic selection WAL membership and the actual physical interlock plan are retained; raw epoch binding is removed","Exact and wrong-root physical rewrites plus concurrent reader cutover are traversed through the semantic facade; broader production-facade adoption and the remaining physical denial matrix remain","layout-indexes/lsm_compaction plus physical-isolation","lower selected compaction into admitted interlock demand","opaque compaction plan binds input runs output generation canonical key budget protected range set and stability basis","Preserve the exact-plan binding and migrate remaining callers away from lower-level construction","Runtime wrong selected key plan or physical rewrite is denied; compile-fail copied generations ranges epochs counters or sibling selections cannot lower","16;19;37","critical","physical_owner_boundary_and_reader_cutover_proven_adoption_partial"
"41","LSM compaction","physical mutation plan to publication and reclaim","physical-isolation/compaction_interlock plus layout-indexes/lsm_physical_compaction","CompactionRewritePublication -> InterlockedLsmCompaction -> PublishedLsmCompaction retaining physical proof; owner-local publication/reclaim cases -> aggregation-only physical inventory","Semantic publication requires the physical owner publication; publication deferred reclaim drain and every mutation denial expose private-identity owner cases","Physical owner case inventory exact layout projection and successful concurrent-reader traversal are proven; deferred reclaim drain and remaining mutation denials still need semantic-facade courtroom traversal","physical-isolation owns mutation; layout-indexes projects","execute interlocked compaction","sealed physical owner outcomes for every denial deferred publication and reclaim case","Extend courtroom coverage across publication deferred reclaim drain and mutation denials through the semantic facade","Exact physical-to-layout bijection and every mutation-lane denial runtime case","40","critical","physical_case_inventory_and_reader_cutover_proven_denial_adoption_partial"
"42","transition topology","operation outcome to owner-family contract","layout-indexes production transition surfaces plus migrated physical compaction owners","Physical compaction now aggregates owner-local cases; remaining layout outcome families still lack the common mechanism","physical compaction inventory is executable projection; other families remain mixed","The physical catalog and two impossible advertised cases are gone; the same vertical migration remains for layout owner families","each operation owner","sealed owner-family inventory generated from actual outcome cases","inventory is projection of executable cases rather than source of law","Migrate remaining operation families and delete any surviving static authoring arrays","Exact set equality between ordinary emitted cases and advertised inventory","22-41","critical","physical_family_proven_remaining_families_missing"
"43","transition topology","owner-family contracts to state-machine inventory","layout-indexes S9 handoff surfaces","machine match required-machine arrays and coarse contracts","aggregation authors topology","Manual aggregation can add omit merge or split operation cases and loses case distinctions","layout-indexes aggregation-only topology module","aggregate sealed owner-family contracts","cold inventory cannot add omit merge or split owner cases","Replace manual machine match and required arrays with one canonical aggregation declaration","Bijection and unique case identity across all families","42","critical","needs_restructure"
"44","execution evidence","owner result to common observation","layout-indexes/access/execution","ExecutedAccessReceipt and S8ExecutedEvidenceOutcome","broad authoritative receipt spanning indexed and degraded","Owner identity and operation semantics are erased before projection","layout-indexes/projections","ReadExecutionObservation enum or trait projection","non-authoritative view borrows distinct owner results and cannot authorize next operations","Replace receipt consumers then delete broad receipt and outcomes","Compile-fail projection cannot satisfy owner capability; residue check old receipt absent","27;30;36;38;39;41","critical","mixed_cutover"
"45","counters","operation outcome to exact counter evidence","layout-indexes shared counters plus owner counters","S8ExecutedCounterWitness and family counter types","some counters attached after branch or reconstructed generically","Counters can decorate a decision instead of proving which owner case occurred","each operation owner","counter receipt embedded in issued outcome","counter identity and values are generated with the exact case and exposed as projection","Delete generic counter admission and require owner result for projection","Exact counter matrix per case; copied rows cannot construct outcome","27;30;36;38;39;41","high","partial"
"46","ordinary orchestration","admitted user request to selected owner execution","layout-indexes/layout_read_runtime and layout_lsm_maintenance","WalLookupRequest PageLookupRequest and LsmCompactionAdmissionRequest -> internal concrete planning -> owner capabilities","WAL lookup stable B-tree lookup and LSM compaction admission now enter through narrow production facades; compaction uses Store security exact WAL identity and maintenance budget","Degraded publication replay physical compaction mutation consumers and other non-read operations still lack complete ordinary entry points","a narrow upper runtime crate or forge-store facade","read and maintenance runtime facades","facade composes owners but issues no lower authority and performs no semantic reclassification","Continue operation-specific requests and carry compaction through physical isolation; do not grow a generic authority bag","End-to-end tests import only ordinary facade plus raw host inputs; hostile tenant scope is denied; no broad planning exports are added","4-45","critical","partial"
"47","consumer demand","maintenance demand to ordinary operation","forge-store-maintenance/layout_projection","AccessShape projections","declaration-only projection","Projection can look like execution support and never enters admitted request path","forge-store-maintenance then ordinary runtime facade","typed maintenance operation request","maintenance owner declares intent; runtime admits and executes through normal graph","Inventory each projection and wire supported operations or label diagnostic only","Integration tests for rebuild scrub and bounded scan through ordinary facade","46","high","needs_inventory"
"48","consumer demand","tiering demand to ordinary operation","forge-store-tiering/layout_projection","AccessShape projections","declaration-only projection","Recall and placement shapes do not prove executable layout access","forge-store-tiering then ordinary runtime facade","typed tier operation request","tiering owns policy; layout runtime owns physical access","Wire supported recall scans and deny unsupported shapes explicitly","Integration tests for cold recall placement and amplification paths","46","high","needs_inventory"
"49","consumer demand","blob lifecycle demand to ordinary operation","forge-store-blob-chunks/layout_projection","dedupe reachability reclaim retention quarantine compaction shapes","declaration-only projection","Blob operations can advertise access needs without an admitted execution route","blob owner then ordinary runtime facade","typed blob layout requests","blob lifecycle owns semantics; layout owners execute exact storage operations","Map every blob projection to exact operation or diagnostic-only declaration","Integration tests for dedupe reclaim quarantine retention and compaction","46","high","needs_inventory"
"50","consumer demand","backup import restore demand to ordinary operation","forge-store-operations/layout_projection","backup export import restore capsule shapes","declaration-only projection","Trust-boundary operations are not shown entering current layout admission and readmission","operations owner then ordinary runtime facade","typed custody-aware layout requests","operations owner supplies admitted security/custody evidence; layout runtime supplies storage execution","Wire exact operations without promoting application or serde metadata into authority","Integration tests across deployment key-scope and restore trust boundaries","46","high","needs_inventory"
"51","certification","production execution to courtroom verdict","forge-store-certification and physical-certification","scenarios replay transcripts and ExecutedAccessReceipt consumers","courtroom consumes broad receipts and can use test-only authority","Courtroom can validate a synthetic graph rather than the production graph","forge-store-certification/courtroom","observe ordinary runtime outcomes","certification supplies hostile inputs schedules and assertions but issues no production capability","Migrate scenarios to ordinary facade and remove outcome-authoring helpers","Compile-fail certification cannot construct owner outcomes; runtime all cases use production facade","44;46","critical","partial"
"52","test support","raw fixture to production scenario","forge-store-test-support and crate-local helpers","durable witnesses selection unwrap bridges and authority fixtures","helpers can preserve displaced topology","Tests may manufacture evidence unavailable through production","forge-store-test-support/raw_inputs","raw bytes devices schedules clocks faults and declarations only","test support prepares hostile world inputs; production owners issue every capability","Delete issuers compatibility constructors and witness-oracle helpers","Architectural residue scan plus compile-fail test support cannot issue","46;51","critical","partial"
"53","compile-fail proof","external crate to forbidden construction","layout-indexes runtime_authority suite","growing operation-specific fixtures","coverage exists but is manually incomplete","Sibling issue predecessor skip copied projection and environmental failure gaps remain","owner-local generated compile-fail matrix","one fixture per forbidden edge class","matrix derives from canonical owner inventory and checks intended diagnostic","Generate cases and reject E0463 or missing-crate false positives","Run dedicated runtime_authority runner cleanly","42;43","high","partial"
"54","runtime proof","declared owner case to ordinary observed case","layout-indexes and certification tests","representative B-tree and partial degraded tests","membership and representative examples","One success per family cannot prove every advertised case is reachable","certification courtroom coverage matrix","ordinary facade case execution","exact set equality between owner inventory and cases observed through production","Generate matrix by owner family and case; include every denial deferred stale rebind and compatibility case","No catalog-only tests; exact equality and hostile scenarios","42;46;51","critical","missing_capability"
"55","public topology","crate exports to caller lifecycle","layout-indexes/lib.rs compatibility roots","S8 names access_execution access_lowering broad receipts","milestone vocabulary and old/new paths coexist","Public API teaches implementation history rather than authority order","owner-shaped permanent facade modules","request planning btree_read lsm_read degraded_scan publication replay compaction projections","exports expose operation sequence and distinguish authority from observation","Rename permanent vocabulary; remove compatibility roots after consumer migration","Public API snapshot and residue scan forbids S8 S9 phase and displaced roots","44;46","high","mixed_cutover"
"56","directory topology","semantic ownership to module layout","layout-indexes access/execution plus strategy trees","shared outcomes counters facades and operation code split across broad trees","files invite path-kind dispatch and shared bags","Current directories obscure operation ownership and keep compatibility surfaces adjacent to production","layout-indexes owner-shaped vertical modules","artifact_family request planning btree_read btree_publication btree_replay lsm_read lsm_publication lsm_replay lsm_compaction degraded_scan projections","each directory owns one state machine; mod.rs aggregates only","Move code with each completed vertical slice and remove empty compatibility shells","Code-quality QA: topology communicates owner and next valid transition","22-55","high","needs_restructure"
"57","dependency direction","semantic owner to physical and courtroom crates","Cargo dependency graph","layout-indexes depends on physical owners; certification depends broadly","dependencies generally point upward from physical truth to semantic consumers","Adding an upper runtime can create cycles or tempt certification to own production contracts","workspace crate graph","lower physical/WAL/recovery owners -> layout semantic projection -> upper runtime -> certification","law lives with production owner; courtroom only imports and observes","Document and mechanically check allowed dependency edges before adding facade crate","cargo metadata cycle check and forbidden dependency scan","29;33;37;46;51","critical","partial"
"58","warning proof","cutover state to compiler diagnostics","layout-indexes and physical-format","large warning set","dead compatibility and unadopted surfaces","Warnings conceal unfinished adoption and false completion","all changed production crates","zero-warning focused graph","every retained item is used through ordinary production or explicitly scoped test support","Classify each warning as missing adoption invalid abstraction or residue and resolve root cause","cargo check focused crates with warnings denied where practical","all","high","failed_gate"
"59","verification integrity","verification command to trusted gate","automation runner and manual commands","historically chained commands","later success can mask earlier failure","A later successful command can produce a false green result","automation verification bundle","one command one captured exit status","gate records every required command independently and stops on failure","Use separate invocations and no semicolon success masking","Deliberately failing first command must fail bundle","53;54;58","critical","failed_gate"
"60","completion","ordinary admitted request to certified owner execution","entire Phase 34 graph","partial vertical slices plus compatibility topology","many real capabilities but no complete enforced graph","No single supported-family graph proves execution and case coverage without compatibility authority","production owners plus upper runtime plus courtroom","request -> planning -> exact owner -> physical/WAL/recovery execution -> projection -> courtroom","every supported operation has one unforgeable vertical path and every advertised case is ordinarily reachable","Complete vertical slices; delete generic plans receipts catalogs test issuers milestone names and compatibility lanes","All architecture rows pass; exact inventory equality; zero warnings; QA loop test QA and code-quality QA clean","all","critical","not_complete"
"61","LSM membership admission","durable WAL append to admitted LSM component","forge-store-lsm-authority/membership model artifact declaration and session","LsmMembershipRecord::admit plus LsmMembershipArtifactDeclaration plus LsmCompactionMembership-owned manifest_scope and compaction_output_digest","Private record binds envelope durable scope key persisted path and byte length after artifact comparison; session repeats exact-byte validation immediately before append; upper crates can request non-authoritative persistence bytes but cannot call raw encoders or reproduce membership digest law","No row-61 ownership gap remains; WAL supplies durable receipts while LSM authority owns record admission selection and replacement","forge-store-lsm-authority/membership","admit durable component and derive publication declarations","LSM authority validates persisted WAL component bytes returns opaque membership records derives manifest and output identities and commits only with physical publication","Keep raw encoders and digest private; keep declaration fields private and ensure no authority API accepts a declaration as proof","Compile-fail raw envelope receipt key path bytes and copied checksum cannot construct membership; raw encoders are private; post-admission substitution is denied","37","critical","owner_boundary_proven"
"62","LSM membership journal","admitted component to append-only membership state","forge-store-lsm-authority/membership/journal","LsmMembershipSession::persist or replace -> typed JournalEvent -> native bounded binary codec -> separately checksummed versioned frame header and payload -> write_all -> sync_all; replay returns typed LsmMembershipReplayPosture","Add and Replace events encode exact typed fields without JSON text whitespace or hex grammar; Replace carries selected version and identities output identity scope path and bytes plus checkpoint scope path and bytes; framing distinguishes intact completion torn final append and corruption","No row-62 authority or crash-contract gap remains; cross-owner physical and manifest ordering remains tracked by row 38","forge-store-lsm-authority/membership/journal codec plus replay","append typed membership event","binary native add or atomic replacement event payload inside a versioned integrity frame; session exposes replay posture and applies only fully verified events","Keep event and frame constructors private to LSM authority; preserve immediate artifact revalidation and typed replay posture","Native add and replacement round trip; crash at every byte boundary through ordinary reopen; torn final event; header length corruption; payload corruption; interior magic version and kind corruption; duplicate active component; output substitution; segment and generation mismatch","61","critical","exact_capability_proven_crash_matrix"
"63","LSM membership reopen","membership journal to reopened authoritative set","forge-store-lsm-authority/membership/replay.rs plus session.rs","LsmMembershipSession::open -> replay_journal -> replay_add or replay_replace","replacement events persist selected version exact component identities exact output identity scope path and bytes plus checkpoint scope path and bytes; live and replay share selected-state manifest and replacement-artifact validators","Valid replacement survives reopen; every incomplete frame preserves the old frontier and exposes no replacement; same-length output or manifest substitution fails closed","forge-store-lsm-authority/membership/reopen","readmit membership history","replay applies the same predicates and exact identity binding as live persist and replace with no weaker recovery lane","Retain shared validators and owner-local replay decomposition","Replace output or manifest bytes at same length; swap scope; replay stale replacement; alter selected component after append; live/reopen decision equivalence","61;62;64","critical","validation_parity_proven"
"64","manifest membership publication","selected active membership to retired inputs and visible output","forge-store-lsm-authority/membership/publication.rs plus session.rs","admit_lsm_replacement_output -> AdmittedLsmReplacementOutput; admit_lsm_membership_replacement -> AdmittedLsmMembershipReplacement; LsmMembershipSession::replace -> PublishedLsmMembershipReplacement","LSM authority constructs the exact output envelope from a durable WAL receipt and typed physical intent; replacement commit requires the matching opaque CompactionRewritePublication plus exact manifest before one atomic Replace event","No row-64 capability gap remains; missing or mismatched physical publication cannot append membership state","forge-store-lsm-authority plus physical-isolation plus physical-format manifest","publish LSM membership replacement","physical owner issues exact rewrite publication; manifest owner issues exact durable receipt; LSM authority joins both with old and new membership identity into one replacement commit","Keep physical intent and publication mandatory at the LSM owner and keep all lookup authority descending from PublishedLsmMembershipReplacement","Compile-fail missing physical intent or publication cannot commit; runtime wrong physical publication is denied before append; every-byte crash preserves exactly old or new authority","32;37;38;63","critical","atomic_physical_bound_replacement_proven"
"65","recovery source precedence","checkpoint WAL and partial publication observations to selected replay basis","forge-store-lsm-authority/replay_source.rs","AdmittedLsmReplaySource::admit_recovered_membership(membership checkpoint partial_publication)","LSM replay authority validates record kinds ordering WAL generation and ranges; exact checkpoint digest and coverage are mandatory; recovery-owned partial-publication classification selects checkpoint WAL fallback or typed denial","No row-65 precedence gap remains; exact current checkpoint stale checkpoint subset coverage copied digest pre-append residue log-only residue torn publication and ambiguous cutover have explicit outcomes","forge-store-lsm-authority/replay_source.rs","classify LSM recovery source","sealed classification binds precedence decision to reopened WAL membership checkpoint coverage store authority and replay request identity","Keep PartialPublicationClassification sealed and production-exported and keep exact manifest digest mandatory","Exact checkpoint; stale checkpoint; subset coverage; copied full-coverage digest; pre-append residue; log-only residue; torn publication; ambiguous cutover; wrong store and duplicate sequence","39;63;64","critical","recovery_precedence_capability_proven"
"66","LSM replay execution","admitted recovery source to replayed semantic run view","forge-store-lsm-authority/replay_source plus layout-indexes/strategy/lsm/replay_runtime.rs","AdmittedLsmReplaySource::execution_plan -> LsmReplayExecutionPlan -> LsmReplayRuntime::execute","LSM authority derives replay tail replayable count stale count cleanup batches and remaining runs from the admitted checkpoint-or-WAL source; layout projects that sealed plan and no longer authors counts","No row-66 execution or hostile-membership gap remains; owner-derived WAL and checkpoint plans and the full fixed-triplet malformed matrix are exercised through ordinary persistence","layout-indexes/lsm_replay","apply admitted recovery source","layout consumes recovery-owned source and emits an opaque semantic replay outcome whose cases derive from executed ordering checks","Keep replay counts owner-derived and complete the hostile malformed-membership matrix through ordinary durable admission","WAL source replays three active records with no cleanup; covering checkpoint replays zero and retires three; every order permutation duplicate sequence wrong kind non-replayable kind and retired membership is denied","39;65","critical","owner_derived_execution_hostile_matrix_proven"
"67","LSM operation composition","independent compaction replay and publication capabilities","layout-indexes/strategy/lsm operation runtimes","LsmCompactionRuntime; LsmReplayRuntime; LsmPublicationRuntime","The umbrella request witness intent and durable-input bag are removed; preparation cannot authorize lookup and does not retire membership; publication alone returns visible lookup authority","Operation separation is proven, while compaction still needs the physical-isolation admission described by rows 40 and 68","layout-indexes/lsm_publication; layout-indexes/lsm_replay; layout-indexes/lsm_compaction","three operation-specific facades and outcomes","each operation consumes only its own selected intent and lower-owner prerequisites; shared data is observation not umbrella authority","Keep the hard split and connect prepared compaction to physical-isolation without recreating an umbrella executor","Compile-fail publication selection cannot replay or compact; replay selection cannot publish; compaction selection cannot manufacture publication; ordinary facade supports each independently","38;39;40;66","critical","operation_split_proven"
"68","LSM compaction membership","active component set to semantic compaction inputs","forge-store-lsm-authority plus layout-indexes/lsm_compaction plus physical-isolation","LsmCompactionMembership -> LsmCompactionInputs plus LsmPhysicalCompactionIntent -> PreparedLsmCompaction -> InterlockedLsmCompaction -> PublishedLsmCompaction::observe_reader_cutover","Prepared output retains exact ancestry-bearing membership and typed physical intent; LSM replacement rechecks the opaque physical rewrite publication before journal commit; semantic reader observation delegates to the retained physical publication","Physical commit bypass wrong protected root stale membership copied construction wrong output binding and concurrent pre/post-cutover reader behavior are proven","forge-store-lsm-authority plus layout-indexes/lsm_compaction","lower admitted membership into physical mutation demand","semantic compaction owner binds selected intent WAL membership version exact components output demand and protected-range demand then physical owner admits mutation and reader cutover","Retain exact plan identity and owner-delegated reader observation without projection shortcuts","Focused LSM courtroom physical compaction tests and runtime-authority compile-fail suite pass","37;40;41;64","critical","physical_membership_cutover_proven"
"69","physical compaction authority","semantic compaction demand to interlocked mutation outcome","forge-store-physical-isolation/compaction_interlock","CompactionReadInterlockPlan retains source-integrity basis; ordinary delta publication visibility reclaim drain and mutation-denial outputs expose exact owner cases","Physical operations are the sole case issuers; private case identifiers prevent external authorship; aggregation only chains owner-family iterators","All eleven executable physical cases have exact ordinary-output equality and bijective layout projection; semantic courtroom adoption remains under row 74","forge-store-physical-isolation/compaction_interlock","execute physical compaction demand","physical operation outcome is the sole source for mutation publication deferral drain and denial case identity","Keep the owner-local inventory and migrate courtroom scenarios through semantic LSM operations","Exact case-count equality unique case identity round-trip projection and every mutation-lane denial through ordinary execution","41;42;68","critical","physical_owner_case_cutover_proven"
"70","B-tree recovery source","checkpoint WAL root artifact and selected intent to replay capability","forge-store-recovery-physics/btree_replay plus checkpoint_cutover plus source_precedence plus physical-format facade","AdmittedBTreeReplaySource<I> binds selected intent readiness Store-bound artifact AdmittedRecoverySource and sealed BTreeReplayRootAgreement; CheckpointRootPosture and checkpoint durability retain exact PhysicalReference rather than a root-number projection","Recovery proves exact checkpoint logical-root identity including generation and slot; checkpoint/tail identity and frontier continuity; durable checkpoint publication; Store identity; physical manifest membership; and selected semantic intent. WAL-only cannot borrow an unrelated physical root","Torn-checkpoint and recovery-blocked courtroom paths are not yet exercised through this facade; WAL-only support correctly remains unavailable until a replay owner materializes a root","forge-store-recovery-physics/btree_replay plus physical-format root recovery","admit B-tree recovery source","recovery owner binds source precedence exact logical root checkpoint coverage WAL frontier Store identity publication completion and physical artifact integrity; layout applies B-tree semantics","Add ordinary crash fixtures for torn checkpoint publication and recovery-blocking integrity; later introduce a WAL-materialized-root capability before admitting WAL-only B-tree replay","Torn WAL stale root partial checkpoint generation rollback source disagreement wrong Store recovery blocked and test-support forgery","12;33;34;65","critical","exact_root_frontier_capability_proven_crash_matrix_partial"
"71","owner outcome grammar","operation-local case to issued capability and topology projection","layout-indexes broad outcomes plus migrated physical compaction outcomes","Physical compaction uses private owner-local case constants opaque outputs read-only cases and aggregation-only inventory; layout families remain mixed","The recipe is proven for physical compaction but not yet adopted across every layout owner family","Names can still imply authority in unmigrated layout families where construction classification counters and topology are independently authored","each operation owner","private case classifier plus opaque issued outcome plus read-only view plus generated owner-family projection","one owner-local declaration or recipe is source for issuance view counter evidence and inventory; forge-proof supplies grammar only","Migrate remaining operation families vertically; prohibit crate-wide factory; next operation accepts only issued capability where semantically required","Compile-fail views payloads denials counters and copied transition facts cannot construct outcomes; exact runtime case inventory equality","1;42;45;54","critical","physical_substrate_adopted_remaining_families_missing"
"72","topology aggregation","owner-family inventories to future state-machine handoff","layout-indexes exports and milestone-shaped handoff vocabulary","manual or displaced S8/S9 types remain broadly exported; old transition catalog search is largely absent","aggregation is incomplete and milestone-shaped rather than a sealed union of executable owner cases","The original parallel catalog appears reduced but there is no proven canonical aggregation over all executable owner families and milestone vocabulary obscures permanent ownership","layout-indexes/topology","aggregate sealed owner-family inventories","cold read-only topology derives only from owner inventories and cannot author cases transitions or authority","Inventory every ordinary owner family; generate aggregation and lookup from one declaration; keep handoff vocabulary out of production names","Exact union equality no duplicates no missing families and compile-fail aggregation cannot issue operation outcome","42;43;71","critical","catalog_removed_aggregation_missing"
"73","public milestone vocabulary","permanent domain API to caller","layout-indexes public surface","large set of public S8-prefixed declarations outcomes receipts plans witnesses and facades","construction-history vocabulary is embedded in production type identity and facade names","Milestone names still encode construction history across core request planning execution integrity maintenance and customization APIs; mechanical renaming alone would not fix rows 39 63 64 67 70 and 71","owner-shaped permanent modules","domain nouns without S8 S9 phase or milestone prefixes","public names express stable domain ownership and lifecycle position rather than roadmap chronology","Rename only after each vertical owner cutover so names reflect real ownership; do not preserve aliases","Residue scan reports zero public milestone-prefixed production items and downstream crates compile through permanent facades","55;56;67;71;72","high","widespread_cleanup_after_boundaries"
"74","courtroom adoption","ordinary recovery and compaction operations to adversarial proof","forge-store-certification plus forge-store-test-support","scenario fixtures durable witnesses replay artifacts and direct lower-level imports","courtroom coverage is extensive but some paths can still assemble evidence below the ordinary operation facade","Tests can validate predicates without proving that production callers traverse the same owner chain","forge-store-certification/courtroom","observe ordinary facade outcomes from hostile raw worlds","test support supplies bytes devices crash points schedules and hostile declarations only; production owners issue every capability","Migrate LSM and B-tree recovery and compaction matrices after owner splits; remove helper issuers and direct witness constructors","Compile-fail certification and test support cannot issue sources outcomes membership or topology; runtime coverage matrix reaches every owner case","51;52;53;54;63-72","critical","blocked_on_owner_cutover"
