"id","layer","subsystem","architecture_edge","current_owner","current_code_surface","current_capability_or_data","current_failure_mode","target_owner","target_code_surface","target_capability","allowed_observers","forbidden_author","required_cutover","mechanical_proof","depends_on","phase34_scope","priority","status"
"1","shared grammar","proof vocabulary","authority issuance grammar","forge-proof","AuthorityWitness; TransitionOutcome","generic authority witness and outcome projection","Grammar exists but domain meaning and issuance locality are not guaranteed by the generic type alone","each permanent domain owner","owner-local private issuance module","owner-issued opaque capability projected through TransitionOutcome","callers; certification; diagnostics","siblings; certification; test support; projections","Use Forge Proof only inside an owner-local recipe; never create a Store-wide outcome factory","Compile-fail external and sibling issuance; source residue rejects generic owner factories","none","direct","critical","available_not_uniformly_adopted"
"2","shared grammar","Store authority","current Store scope to operation authority","forge-store-authority","StoreCurrentAuthorityWitness","current Store authority witness","A current Store witness can sit too close to operation construction and be mistaken for sufficient operation authority","each operation owner","owner admission facade","operation capability retaining exact Store authority lineage","read-only accessors and equality checks","any caller holding only StoreCurrentAuthorityWitness","Require owner-specific admission after Store authority; Store authority is necessary but never sufficient","Compile-fail Store witness plus copied fields cannot construct selected ready executed or published capability","1","direct","critical","partial"
"3","shared grammar","aspect-native basis","declaration and evidence representation","forge-foundational plus Store aspect-native adapters","canonical native values and projection surfaces","native declarations receipts diagnostics and projections","Some older surfaces still make copied values look close to authority even when JSON is absent","each semantic owner","owner admission and native evidence modules","native declaration admitted into private-field witness or capability","terminal projections; courtroom comparisons","deserializers; diagnostics; scalar digests","Keep deserialization and projections declaration-only; require readmission before authority","Residue checks reject serde-derived authority and scalar reconstruction lanes","1","supporting","high","partial"
"4","catalog input","artifact inventory","inventory row to family declaration","layout-indexes/artifact_family and catalog","artifact_family/inventory_rows; catalog/declaration.rs","PhysicalArtifactFamilyDeclaration","Inventory rows remain structurally adjacent to lifecycle authority and milestone-era catalog facades","artifact-family declaration owner","artifact_family/declaration.rs","permanent family declaration with no execution power","catalog queries; docs; certification inventory assertions","planning; execution; physical owners","Separate cold inventory lookup from executable family admission","Raw declaration cannot enter key-domain request planning or execution APIs","3","direct","high","partial"
"5","semantic admission","artifact family","family declaration to admitted lifecycle","layout-indexes/artifact_family plus legacy catalog","artifact_family/admission.rs; catalog/admission.rs; catalog/witness.rs","AdmittedPhysicalArtifactFamily retaining lifecycle authority and exact Store security identity; legacy intermediate witnesses remain","The ordinary Phase 34 chain is migrated but customization migration maintenance and catalog surfaces still consume the old intermediate lifecycle witness","artifact-family admission owner","artifact_family/admission.rs","AdmittedPhysicalArtifactFamily retaining declaration Store scope lifecycle and authority","planning views; strategy admission; diagnostics","catalog inventory; sibling adapters; test support","Migrate remaining consumers and make intermediate authority and lifecycle witnesses owner-private","Compile-fail admitted family construction; runtime cross-authority substitution denial; exact planning and scenario suites","2;4","direct","critical","ordinary_read_chain_proven_remaining_consumers_partial"
"6","semantic admission","key declaration","raw key-domain schema to law inputs","layout-indexes/keyspace","keyspace/declaration.rs; encoding.rs; comparator.rs; prefix.rs; range.rs","PhysicalKeyDomain plus individual law inputs","Strong laws exist but can be handled independently from the exact admitted family lineage","key-domain owner","key_domain/declaration.rs","key-domain declaration bound to family declaration but not executable","schema tooling; diagnostics","planning and execution","Move permanent declaration vocabulary under one key-domain facade","Raw declaration cannot enter request admission","4","direct","high","partial"
"7","semantic admission","key laws","encoding comparator prefix range collision laws","layout-indexes/keyspace/admission","keyspace/admission.rs plus low-level law modules","AdmittedPhysicalKeyDomain retaining admitted family security identity domain encoding comparator collision composite tenant and applicable prefix and range laws","Ordinary request selection fingerprint and readmission use the aggregate capability; raw law facades and remaining non-read consumers still exist","key-domain admission owner","key_domain/admission.rs","AdmittedPhysicalKeyDomain retaining family canonical encoding ordering range prefix collision and tenant laws","request admission; strategy invariant checks","raw law witnesses; copied PhysicalKeyDomainWitness","Migrate remaining consumers and make raw law construction private or projection-only","Exact applicable-law suite and cross-security runtime tests; private-field and raw-lane compile-fail tests","5;6","direct","critical","ordinary_read_chain_proven_remaining_consumers_partial"
"8","semantic admission","concrete key","application key to canonical physical identity","layout-indexes/keyspace","keyspace/value.rs; request_identity.rs","AdmittedConcretePhysicalKey to AdmittedPhysicalAccessIdentity using admitted-domain comparator","Canonical identity retains exact domain authority and no scalar projection; the cfg(test) scope-only identity remains","request identity owner","request/identity.rs","CanonicalPhysicalRequestIdentity issued from admitted key domain and concrete key","fingerprint projection; diagnostics","raw bytes; hashes; scope-only fixtures","Remove the scope-only synthetic identity after test support migrates to concrete admitted keys","Different canonical keys diverge; scalar projection absent; raw key lane inaccessible externally","7","direct","critical","production_domain_cutover_proven_synthetic_test_lane_remaining"
"9","semantic admission","access shape","raw access declaration to operation intent","layout-indexes/access/shape then access/intent.rs","AccessShapeContract ends at request admission; private-field AdmittedAccessIntent retains only operation detail lane posture stale policy counters mutation and budget semantics","Planning cost selection lowering readiness and readmission consume admitted intent; coverage is retrieved only from AdmittedLayoutMaterialization","Raw shape constructors still carry coverage during declaration validation and vocabulary remains milestone-prefixed","request owner plus shape vocabulary","access/intent.rs and permanent operation declarations","AdmittedAccessIntent exhaustive over permanent operation families","planning classifier; diagnostics","raw shape declaration; strategy registry","Remove coverage from raw declaration constructors after materialization completeness admission is consolidated and rename permanent vocabulary","Private-field UI proof; structural test rejects AccessShapeContract and access_shape accessors downstream of admission","5;7;11","direct","critical","admitted_intent_downstream_cutover_proven_raw_declaration_cleanup_partial"
"10","semantic admission","materialization declaration","coverage state to source evidence","layout-indexes/materialization","materialization/source.rs; coverage_basis.rs; coverage.rs; admission.rs","Opaque source identity distinguishes catalog root B-tree physical root and published LSM replacement; admitted basis and common-source coverage retain it","Ordinary lookup requests no longer accept coverage epoch or LSN; replay checkpoint and blob receipts remain","materialization owner","materialization/evidence.rs","MaterializationEvidenceSource retaining authoritative publication and coverage lineage","read planning; diagnostics; rebuild logic","planning; copied coverage rows; absence labels","Add lower-owner evidence adapters and make watermark a projection only","Private-field UI proofs for source basis and materialization; ordinary-owner residue gate; source retained through selected plans","5","direct","critical","btree_lsm_lower_source_proven_replay_checkpoint_blob_partial"
"11","semantic admission","materialization admission","evidence source to admitted posture","layout-indexes/materialization","materialization/admission.rs","AdmittedLayoutMaterialization plus private CurrentLayoutMaterialization retained through indexed readiness and stable B-tree execution","Ordinary exact B-tree current posture is owner-issued; current-frontier comparison stale posture completeness absence and lower receipts remain","materialization owner","materialization/admission.rs","AdmittedMaterialization retaining family source coverage freshness completeness and absence posture","request admission; execution freshness checks","request planner; certification","Extend the capability with lower-owner evidence and posture then remove coverage from AccessShapeContract","Private-field UI for materialization source basis and current capability; B-tree courtroom retains exact catalog root owner","10","direct","critical","catalog_current_capability_proven_stale_and_posture_partial"
"12","semantic admission","strategy declaration","strategy family to declared strategy","layout-indexes/strategy","strategy/declaration.rs; family.rs; registry","S8LayoutStrategyFamily and declarations","Bare strategy-family enum remains widely reachable near decision logic","strategy owner","strategy/declaration.rs","LayoutStrategyDeclaration with no execution power","registry inventory; diagnostics","planning classifier; operation owners","Keep bare family as descriptive vocabulary only","Compile-fail bare family cannot create selected operation","4","direct","high","partial"
"13","semantic admission","strategy invariants","declared strategy plus laws to admitted strategy","layout-indexes/strategy","strategy/authority_basis.rs; admission.rs; admitted_strategy.rs; invariant_suite.rs; family invariants","S8AdmittedLayoutStrategy retains admitted family/domain authority basis and invariant suite","Planning maintenance rebuild customization and extension consumers require admitted family/domain capabilities; selected operations and fingerprints retain the strategy","Family-specific B-tree/LSM admitted capability names and permanent vocabulary remain","strategy admission owner","strategy/admission.rs plus family submodules","AdmittedBTreeStrategy or AdmittedLsmStrategy retaining admitted domain materialization requirements and exact law suite","planning alternatives; diagnostics","planner; bare registry snapshot","Split family-specific permanent capability names where this clarifies operation ownership","Structural residue rejects raw wrappers legacy basis and raw registry constructors; exact authority-retention runtime tests","7;11;12","direct","critical"
"14","request boundary","request admission","family domain identity intent materialization to request","layout-indexes/planning","planning/access_request.rs","AdmittedPhysicalAccessRequest retains admitted family domain canonical identity optional source-bound materialization and coverage-free AdmittedAccessIntent","Raw shape ends at admission; all downstream planning and execution consume intent and obtain coverage only from admitted materialization; broad Option request and synthetic selector remain","physical access request owner","request/admission.rs","separate admitted read and mutation requests with read request retaining materialization and intent separately","single canonical planner","raw callers; scope-only test selector; operation owners","Split read and mutation request families and delete synthetic selector","Hostile family domain authority foreign materialization coverage substitution plus private request materialization and intent UI tests","5;7;8;9;11","direct","critical","intent_materialization_separation_proven_request_split_partial"
"15","planning","candidate evidence","admitted request to eligible alternatives","layout-indexes/planning","planning/alternative.rs; strategy/registry","S8PlanningAlternativeSet derives once from admitted family domain materialization and intent and registry emits S8AdmittedLayoutStrategy retaining those exact capabilities","Candidate derivation selected indexed plans and fingerprints preserve request strategy lineage without a raw witness lane","Residual generic indexed fallback and incomplete ordinary owner-case inventory remain","access-plan owner","planning/candidate_set.rs","CandidateSet containing only owner-admitted strategy capabilities and exact rejection cases","selection policy; diagnostics","strategy registry; certification","Remove residual generic operation fallback after exact operation inventory","Structural tests prove one derivation no raw shape no lifecycle/domain projection and no legacy strategy lane; selected equality proves retained strategy","13;14","direct","critical"
"16","planning","candidate classification","candidate set to classified decision cases","layout-indexes/planning","planning/selection_decision.rs","private exhaustive S8PlanSelectionDecision with operation-specific success cases and typed denial","The operation is classified exactly once; remaining debt is permanent vocabulary and candidate inputs that still use registry snapshots rather than consolidated strategy capabilities","access-plan owner","planning/classification.rs","private exhaustive AccessPlanCase with operation-specific cases and typed denials","owner-local issuer only","selection issuance predicates; payload inspection","Retain the one-case classification and migrate its inputs to permanent admitted capabilities","Structural test proves exactly one classifier and candidate derivation; deterministic planning tests and scenarios pass","15","direct","critical","single_classification_boundary_proven_input_lineage_partial"
"17","planning","selection policy","eligible alternatives to deterministic winner","layout-indexes/planning","planning/selection_policy.rs; selection_basis.rs","S8SelectionPolicy ranking and deterministic rule","Policy is localized but naming is milestone-shaped and tie/eligibility semantics depend on surrounding classifier","access-plan owner","planning/policy.rs","DeterministicSelectionPolicy returning a named selection basis","classification only; diagnostics","operation issuers","Keep policy pure and make all alternatives and denial cases explicit","Permutation and tie tests; one policy entrypoint residue gate","15","direct","high","mostly_sound"
"18","planning","cost model","classified candidate to exact planned work","layout-indexes/planning plus strategy","planning/cost.rs; strategy/counter_planning.rs","S8AccessPlanCostEstimate and S8PlannedCounterEnvelope","Counter envelope lookup occurs during planning but exact strategy capability lineage is not the input","access-plan owner consuming strategy-owned estimate","planning/cost.rs","PlannedAccessCost bound to candidate identity strategy admission and operation intent","budget owner; diagnostics","raw strategy family; copied counter rows","Calculate from admitted candidate and bind result into decision case","Copied counters cannot satisfy budget or execution; exact equivalence-class matrices","13;16","direct","critical","partial"
"19","planning","budget admission","planned work plus budget envelope to admitted budget","forge-store-budgets called by layout planner","budgets/pre_execution and planning/selection_decision.rs","S8PreExecutionBudgetEnvelope and admission receipt","Budget authority is real but planning owns request assembly and broad milestone-named generic grants remain","forge-store-budgets","budgets/layout_plan/admission.rs","AdmittedLayoutPlanBudget bound to request identity candidate identity planned counters and lane","selected operation; diagnostics","planner constructors; copied generic grants","Introduce or finish layout-plan-specific budget admission and consume only its receipt","Compile-fail generic grant cannot enter operation lowering; hostile copied receipt and cross-plan substitution","18","direct","critical","partial"
"20","planning","fingerprint","decision basis to diagnostic identity","layout-indexes/planning","planning/plan_fingerprint.rs","S8PlanFingerprint","Fingerprint is built from many copied values and sits inside the selected plan; it must remain diagnostic rather than become authority","access-plan owner","planning/fingerprint.rs","AccessPlanFingerprint projection from issued selected operation","diagnostics; caching; certification comparison","lowering or readiness as sole authority","Construct only from issued case and document projection status","Compile-fail fingerprint cannot lower execute or reconstruct selection; deterministic equality tests","16;18;19","direct","high","partial"
"21","planning","owner issuance","classified case to selected operation","layout-indexes/planning","planning/selection_issuance.rs","S8IssuedSelection built by a one-to-one exhaustive match over the private decision case","Issuance no longer inspects family shape route or payload; remaining debt is permanent vocabulary and complete ordinary observation of every residual indexed case","access-plan owner","planning/issuance.rs","opaque SelectedAccessOperation family issued directly from private exhaustive case","operation-specific runtime; read-only view","generic payload pairing; certification; siblings","Retain mechanical issuance and remove the residual generic indexed fallback after operation inventory closes","Structural test rejects selected_family access_shape is_btree is_lsm and route logic in issuance; runtime compile-fail proves selected operation privacy","16;19","direct","critical","mechanical_owner_issuance_proven_residual_inventory_partial"
"22","planning","selection outcome","issued operation to caller view","layout-indexes/planning","planning/selection_outcome.rs; selected_plan.rs","S8AccessPlanSelectionOutcome and operation wrappers","Broad output view is useful but still exposes milestone vocabulary and fallback SelectedIndexedAccessPlan","access-plan owner","planning/outcome.rs","AccessPlanSelectionOutcome with exact operation views and typed denials","ordinary orchestrators","callers constructing or reclassifying broad plan","Retain read-only projection; remove generic indexed fallback once all supported operations are inventoried","Compile-fail view payload cannot construct outcome; exact supported-operation matrix","17;21","direct","critical","partial"
"23","operation runtime","ordinary orchestration","external request to selected owner operation","layout-indexes root facades","layout_read_runtime.rs; layout_btree_recovery.rs; layout_lsm_maintenance.rs","PageLookupRequest WalLookupRequest and operation admission requests","Six production paths admit requests but root files still carry broad orchestration and milestone vocabulary","operation-specific permanent facade owners","read_runtime; btree/recovery; lsm/maintenance facades","narrow admitted request to exact selected operation capability","application layer; certification","test support; generic root facade","Move orchestration into permanent subsystem directories and expose one obvious next call per outcome","Production facade scenarios for every supported family and shape; residue rejects root business logic","14;22","direct","critical","production_paths_migrated_topology_partial"
"24","operation runtime","indexed lowering","selected indexed operation to lowered operation","layout-indexes/access/execution","access/execution/indexed/lowering.rs plus generic facade","LoweredIndexedAccess","B-tree lookup has a narrow selected type but generic indexed abstractions and a broad facade still own parts of lowering","B-tree lookup owner and future indexed owners","strategy/btree/execution/lowering.rs","LoweredBTreeLookup retaining exact selected capability and physical read contract","B-tree readiness only","generic indexed facade; degraded owner","Move owner-specific lowering to the operation owner; shared code may be private algorithm support only","Compile-fail selected LSM degraded or publication capabilities cannot lower as B-tree lookup","21;23","direct","critical","partial"
"25","operation runtime","indexed readiness","lowered indexed operation to execution readiness","layout-indexes/access/execution","indexed/readiness.rs; ready_plan.rs; freshness.rs","IndexedExecutionReady and generic readiness authority","Generic readiness authority can span unrelated indexed machines and still uses milestone-named marker factories","B-tree lookup owner","strategy/btree/execution/readiness.rs","BTreeLookupReady issued after exact source freshness budget and physical preflight","B-tree executor","generic readiness factory; siblings","Replace crate-wide readiness authority with operation-local readiness recipe","External and sibling modules cannot issue readiness; stale and source mismatch matrix","24","direct","critical","partial"
"26","operation runtime","B-tree physical lookup","ready lookup to page traversal","layout-indexes B-tree owner plus physical-format","strategy/btree/execution/lookup_runtime.rs; physical_access.rs; read_source.rs","BaselineBTreeLookupAdmission and physical observations","Ordinary physical path exists and exact source is typed; remaining issue is integration with generic lowering and permanent naming","B-tree lookup owner consuming physical-format facade","strategy/btree/execution","BTreeLookupExecution with exact traversed-root and counter evidence","semantic result projector; courtroom","test support; planner","Consume operation-local readiness and preserve physical observations unchanged","Hostile wrong root epoch corrupt node hidden scan and exact traversal scenarios","25","direct","critical","mostly_sound"
"27","operation runtime","B-tree semantic result","physical traversal to semantic lookup evidence","layout-indexes B-tree owner","strategy/btree/execution/outcome.rs; witness.rs","lookup execution and exact counter witness","Result family is strong but must become the only source of common executed-access projection","B-tree lookup owner","strategy/btree/execution/outcome.rs","ExecutedBTreeLookup retaining request selected plan source path result and counters","common observation adapter; caller","generic executed receipt constructor","Issue result in the operation and project common evidence read-only","Exact counter and absence cases; copied observations cannot mint result","26","direct","critical","mostly_sound"
"28","operation runtime","degraded lowering","selected degraded scan to lowered scan","layout-indexes/access/execution/degraded_scan","degraded_scan/lowering.rs","LoweredDegradedExactScan","Owner split exists but generic facade and common milestone vocabulary still mediate construction","degraded exact-scan owner","degraded_access/execution/lowering.rs","LoweredDegradedExactScan retaining declared scan authority coverage budget and source","degraded readiness only","indexed owner; generic facade","Move issuance and transition cases fully into degraded owner","Indexed selection cannot lower here; hidden scan and undeclared scan denied","21;23","direct","critical","partial"
"29","operation runtime","degraded readiness","lowered scan to ready stale or rebind","layout-indexes/access/execution/degraded_scan","degraded_scan/readiness.rs; readmission.rs; facade/readmission.rs","DegradedScanReadinessOutcome and readmission capabilities retaining exact admitted family and key-domain authority","Readmission denies same-family security substitution and nonidentical admitted-domain law suites; generic freshness marker factories and broad facade ownership remain","degraded exact-scan owner","degraded_access/execution/readiness.rs","DegradedScanReady or owner-issued Stale/RebindRequired case","physical degraded executor; caller view","generic readiness or readmission factory","Move freshness comparison and issuance entirely into degraded owner and remove generic factories","Ready stale rebind coverage admitted-domain and cross-authority denial matrix","28","direct","critical","family_and_domain_continuity_proven_generic_freshness_partial"
"30","operation runtime","degraded physical scan","ready scan to exact physical execution","layout-indexes plus physical-format","physical_execution.rs and PlatformPhysicalFacade","DegradedScanExecution","Physical execution is real but generic facade still assembles the semantic result","degraded exact-scan owner consuming physical-format","degraded_access/execution/execute.rs","ExecutedDegradedExactScan with exact visited records bytes and counter evidence","common observation adapter; caller","indexed owner; test support","Return owner-issued executed outcome directly from physical traversal","Real scan hostile corruption absence and counter scenarios","29","direct","critical","mostly_sound"
"31","operation runtime","LSM lookup admission","selected LSM lookup plus source to ready lookup","layout-indexes LSM owner","strategy/lsm/execution/admission.rs; lookup_source.rs; lookup_runtime.rs","BaselineLsmLookupAdmission and typed source","Operation-specific path exists but selected capability still originates in double-classified planning and durable source lineage must be exact","LSM lookup owner","strategy/lsm/lookup","LsmLookupReady retaining selected operation and authoritative membership view","LSM executor","planner; test support; raw run list","Consume owner-selected operation and lsm-authority membership snapshot","Copied run inventory cannot satisfy admission; stale membership and visibility cases","21;35","direct","critical","partial"
"32","operation runtime","LSM lookup execution","ready lookup to visible semantic result","layout-indexes LSM owner","strategy/lsm/lookup_runtime.rs; execution/witness.rs","BaselineLsmLookupExecution and dispositions","Real execution exists; common result and topology adoption remain incomplete","LSM lookup owner","strategy/lsm/lookup/outcome.rs","ExecutedLsmLookup retaining membership source tombstone semantics and exact counters","common observation adapter; courtroom","generic result constructor","Make ordinary lookup the sole issuer for every success absence tombstone and denial case","Hostile overlapping runs tombstones stale run filter false positive and exact counters","31","direct","critical","partial"
"33","durable authority","LSM membership admission","WAL durable append to admitted component","forge-store-lsm-authority","membership/artifact.rs; session.rs","AdmittedLsm component and membership session","New lower crate correctly owns durable membership; naming and complete read-path adoption remain","forge-store-lsm-authority","membership/admission.rs","AdmittedLsmComponent bound to exact durable WAL receipt and physical identity","layout LSM operations; recovery physics","layout planner; certification","Keep this as lower authority and remove duplicate run membership models","Crash matrix and copied WAL receipt compile-fail","2","supporting","critical","proven"
"34","durable authority","LSM membership journal","admitted component to authoritative active set","forge-store-lsm-authority","membership/journal; publication.rs","append-only membership records and replacement publication","Authority is now physically bound and replayable; consumers must stop maintaining parallel inventories","forge-store-lsm-authority","membership/journal and publication","PublishedLsmMembershipReplacement and reopened active set","lookup compaction replay; diagnostics","layout-owned arrays; certification fixtures","Adopt one membership snapshot across all LSM operation owners","Repeated compaction crash matrix exact set replacement and malformed journal rejection","33","supporting","critical","proven_adoption_partial"
"35","durable authority","LSM reopen and replay basis","journal plus checkpoint and WAL observations to replay source","forge-store-lsm-authority plus recovery-physics","membership/replay.rs; replay_source.rs","AdmittedLsmReplaySource and LsmReplayExecutionPlan","Precedence is owner-derived; remaining risk is duplicated semantic run reconstruction in layout","forge-store-lsm-authority and recovery-physics","replay_source.rs","admitted replay source with exact authoritative active component set","layout LSM replay executor; courtroom","certification; layout arrays","Make replay execution consume only this source and publish owner result","Checkpoint WAL partial publication and malformed membership hostile matrix","34","supporting","critical","proven_adoption_partial"
"36","operation runtime","LSM publication","selected append plus durable component to membership publication","layout-indexes LSM owner plus lsm-authority","strategy/lsm/publication_runtime.rs; run_publication.rs","BaselineLsmRunPublicationAdmission and manifest execution","Cross-owner capability chain exists but planning issuance and topology cases remain incomplete","LSM publication operation owner","strategy/lsm/publication","PublishedLsmRun retaining selected intent WAL durability physical binding and membership receipt","lookup replay compaction; diagnostics","planner; raw manifest rows","Consume exact selected publication and lsm-authority admission without reconstructing identity","Crash cutpoints copied receipt wrong component and visibility tests","21;33;34","supporting","critical","mostly_proven"
"37","operation runtime","LSM replay","selected replay plus admitted source to semantic state","layout-indexes LSM owner","strategy/lsm/replay_runtime.rs","BaselineLsmReplayAdmission and execution","Owner-derived source is present but outcome family and topology projection must be made ordinary and exhaustive","LSM replay owner","strategy/lsm/replay","ExecutedLsmReplay retaining exact replay source and visible run state","lookup bootstrap courtroom","certification; copied journal rows","Make the replay operation the sole source of semantic reopened LSM state","Hostile precedence and malformed membership matrix observed through production facade","21;35","supporting","critical","mostly_proven"
"38","operation runtime","B-tree replay source","checkpoint WAL and root artifact to admitted replay source","recovery-physics","btree_replay/source.rs; root_agreement.rs","typed replay source and root-frontier agreement","Exact capability exists but root agreement coverage is partial and layout still owns surrounding milestone facade","recovery-physics","btree_replay/admission.rs","AdmittedBTreeReplaySource with exact root frontier and source precedence","layout B-tree replay executor; courtroom","layout planner; copied root ids","Finish exact root-frontier mismatch and crash cases; preserve lower-crate ownership","Checkpoint WAL root artifact mismatch matrix and compile-fail copied ids","2","supporting","critical","partial"
"39","operation runtime","B-tree replay execution","selected replay plus admitted source to recovered tree","layout-indexes B-tree owner","strategy/btree/execution/replay_runtime.rs; layout_btree_recovery.rs","BaselineBTreeReplayAdmission and recovery execution","Ordinary execution exists but selected intent and root facade remain milestone-shaped and exact outcome inventory is incomplete","B-tree replay owner","strategy/btree/recovery","ExecutedBTreeReplay retaining source selected intent root agreement and counters","read runtime bootstrap courtroom","certification; generic recovery facade","Move orchestration under permanent B-tree recovery owner and issue exhaustive outcome family","Hostile torn checkpoint WAL-only stale root corrupt node and exact counters","21;38","direct","critical","partial"
"40","physical mutation","LSM compaction intent","semantic compaction demand to physical intent","layout-indexes LSM owner plus lsm-authority","strategy/lsm/compaction_runtime.rs; physical_compaction.rs; lsm-authority/physical_binding.rs","LsmPhysicalCompactionIntent and exact active membership inputs","Semantic intent is now bound to membership; planning still double-classifies selected compaction and vocabulary is milestone-shaped","LSM compaction owner plus lsm-authority","strategy/lsm/compaction","AdmittedLsmCompaction retaining selected operation exact active inputs output identity and physical intent","physical-isolation","raw component arrays; planner; certification","Consume exact selected compaction case and authoritative membership snapshot","Nonmember input duplicate output stale generation and copied intent failures","21;34","supporting","critical","mostly_proven"
"41","physical mutation","compaction interlock","physical intent to protected mutation plan","physical-isolation","compaction_interlock/plan.rs; protected_set.rs; candidate_ranges.rs","interlocked physical compaction plan","Physical owner boundary is real and owner cases exist; denial adoption and permanent cross-crate projection remain incomplete","physical-isolation","compaction_interlock","InterlockedCompaction capability retaining protected roots mutation lane and exact intent","layout semantic adapter; scheduler; diagnostics","layout; certification; test authority","Keep all physical decisions here and expose sealed owner-case inventory plus read-only verdicts","Concurrent reader protected-root wrong lane overlap and copied plan hostile cases","40","supporting","critical","proven_adoption_partial"
"42","physical mutation","compaction publication","interlocked mutation to atomic visible replacement","physical-isolation plus lsm-authority","compaction_interlock/publication.rs; cutover_delta.rs; lsm membership publication","published physical cutover and membership replacement","Atomic replacement and reader cutover are proven; semantic outcome projection still needs exact case bijection","physical-isolation owns cutover; lsm-authority owns membership","existing owner modules","PublishedCompactionCutover plus PublishedLsmMembershipReplacement composed by LSM operation owner","readers; reclaim; recovery; courtroom","layout-authored physical facts; certification","Preserve two-owner composition and project every physical case without merge or invention","Crash cutpoint reader-before/after exact membership and case-identity bijection","34;41","supporting","critical","proven_projection_partial"
"43","physical mutation","compaction reclaim","published cutover to safe reclaim or deferral","physical-isolation","compaction_interlock/stability_proof.rs; reclaim_queue.rs","stability proof reclaim deferral and drain cases","Owner cases exist but complete semantic adoption and exact denial observation are unfinished","physical-isolation","compaction_interlock/reclaim","ReclaimDisposition issued from reader frontier and protected set","LSM semantic outcome adapter; scheduler","layout; copied counters; certification","Expose every ordinary reclaim case through compaction operation without collapsing denials","Pinned reader repeated drain stale frontier and wrong protected set matrix","42","supporting","critical","partial"
"44","execution evidence","counter observation","physical operation observations to admitted counters","layout-indexes execution plus operation owners","access/execution/counter_witness.rs; admitted_counters.rs; strategy counters","planned and observed counter witnesses","Counters are exact in major paths but generic admission can blur which operation observed them","each operation owner with shared counter vocabulary","operation outcome modules","OperationObservedCounters bound to exact readiness source and physical observations","common evidence adapter; performance diagnostics","test support; copied rows; unrelated operation","Move counter admission into operation outcome issuance and keep shared arithmetic projection-only","Cross-operation copied-counter compile-fail and exact equivalence-class matrices","26;27;30;32;37;39;42","direct","critical","partial"
"45","execution evidence","planned versus observed","selected plan and observed counters to comparison receipt","layout-indexes/access/execution","planned_vs_observed.rs; performance_receipt.rs","S8PlannedVsObservedCounterReceipt and performance receipt","Comparison is useful but generic receipt assembly can appear authoritative and milestone naming obscures projection status","common observation adapter","execution_observation","PlannedVsObservedAccessReport derived only from owner-issued executed outcome","diagnostics; certification; telemetry","lowering readiness or operation admission","Make report a projection from executed capability rather than an input to authority","Compile-fail report cannot execute readmit or publish; exact mismatch evidence tests","20;44","direct","high","partial"
"46","execution evidence","common executed access view","owner result to cross-operation observation","layout-indexes/access/execution","executed_evidence.rs; outcomes/executed.rs","ExecutedAccessReceipt and common views","A generic receipt still risks becoming the authority instead of a read-only sum type over owner-issued outcomes","each operation owner plus projection adapter","execution_observation/mod.rs","ExecutedAccessObservation borrowing or retaining sealed owner outcome","callers; certification; metrics","adapter; test support; certification","Make every owner result primary and common view non-constructive","Compile-fail common view cannot construct owner result; exact owner identity retained","27;30;32;37;39;44","direct","critical","mixed_cutover"
"47","transition grammar","owner case identity","private decision case to topology fact","physical-isolation only broadly proven","compaction_interlock/owner_case.rs and scattered layout outcomes","CompactionOwnerCase plus many unrelated broad enums","Physical compaction has explicit cases; read mutation recovery and corruption families do not share the same owner-local grammar","each operation owner","owner-local case.rs and outcome.rs","private exhaustive case plus sealed stable OwnerCaseId projection","topology aggregator; certification","S9; catalogs; diagnostics","Adopt the proven owner-local pattern family by family without centralizing issuance","Every advertised case observed through ordinary facade; private cases cannot be constructed","21;27;30;32;36;37;39;42;43","direct","critical","physical_only"
"48","transition grammar","owner-family contract","owner cases to exhaustive family inventory","physical-isolation only","compaction_interlock/owner_inventory.rs","iterator over physical compaction owner cases","Physical inventory is ordinary-owner-derived; layout families still lack exhaustive contracts or rely on broad outcomes","each operation owner","owner_inventory.rs","sealed OwnerFamilyContract generated from same declaration as issued cases","cold S9 aggregator; courtroom coverage matrix","S9; certification; catalog files","Generate inventory from the exact owner declaration and preserve operation and case identity","Exact set equality between declared and observed ordinary cases","47","direct","critical","physical_proven_remaining_missing"
"49","topology","machine aggregation","owner-family contracts to state-machine inventory","layout-indexes future handoff","old production-transition catalogs removed; aggregation absent or incomplete","partial scattered owner inventories","Without canonical aggregation S9 can invent machines edges or omit owner families","layout topology aggregation only","topology/aggregation.rs","S9LayoutStateMachineInventory containing sealed owner-family contracts only","S9; diagnostics; certification","S9; catalog arrays; certification","Aggregate contracts without authoring cases operations edges or required-machine lists","Bijection owner families to inventory; no manual parallel machine list or match","48","supporting","critical","missing"
"50","topology","physical projection","physical compaction cases to layout topology vocabulary","layout-indexes compaction_projection","compaction_projection/physical_cutover.rs","semantic projection of physical owner cases","Projection can accidentally merge physical denial identities or become a second source of topology","layout adapter only","compaction_projection","bijective PhysicalCompactionCaseProjection preserving owner operation and case id","S9 aggregator; diagnostics","layout classifier; certification","Make projection total injective and round-trippable over physical owner inventory","Exact count uniqueness and round-trip for every physical case","42;48","supporting","critical","partial"
"51","topology","public lifecycle facade","crate exports to caller next-step graph","layout-indexes root lib and facade","lib.rs; facade/*.rs; root compatibility modules","large flat export surface with milestone names and overlapping facades","The caller sees overlapping catalogs compatibility roots and operation facades instead of one obvious next-step lifecycle","caller-facing operation owners","operation facades plus narrow top-level prelude","only declarations requests outcomes and next-stage capabilities appropriate to each operation","application callers","internal catalogs helpers cases receipts and S9 artifacts","Split public API by permanent domain lifecycle and remove root compatibility aliases","Public API compile-fail matrix and rustdoc surface review","23;47;49","direct","high","needs_restructure"
"52","topology","directory ownership","semantic owner to physical module tree","layout-indexes","duplicate top-level domains such as access/access_shape keyspace/key_domain strategy/strategy_registry migration/evolution and root business-logic files","mixed old and target skeleton","The tree still teaches multiple architectures and allows sibling reachability to substitute for a boundary","permanent domain owners","artifact_family; key_domain; request; planning; strategy families; execution_observation; topology","one directory per owner with facades at boundaries and private decision/issuance internals","developers and agents","legacy sibling trees; mod.rs business logic","Finish semantic consolidation after capabilities are established; move before rename where ownership is already known","Residue rejects duplicate owner directories root business logic and mod.rs business logic","5;7;11;13;21;23;46;49","direct","high","needs_restructure"
"53","topology","milestone vocabulary","temporary implementation names to permanent database language","layout-indexes and compile-fail fixtures","widespread S8 prefixes phase feature names and s8_* compile-fail modules","milestone-shaped production API","Milestone vocabulary makes code reason about delivery history instead of durable domain boundaries","each permanent owner","all touched production modules and Cargo features","permanent domain names describing capability and operation","callers; docs","production API; features; module names","Rename only after each owner boundary is settled; remove aliases rather than preserving dual vocabulary","Source residue allows milestone names only in specs migration records and explicitly temporary test labels","52","direct","high","widespread"
"54","cross-crate adoption","maintenance demand","maintenance request to ordinary layout operation","forge-store-maintenance plus layout projection","maintenance/layout_projection and layout-indexes maintenance","projection requests and broad maintenance outcomes","Consumer may restate layout facts or bypass the ordinary selected operation path","maintenance owns demand; layout owner admits operation","maintenance facade to layout operation facade","AdmittedMaintenanceLayoutOperation retaining consumer demand and owner-issued layout capability","maintenance scheduler; certification","maintenance projection; test support","Inventory every maintenance demand and route through ordinary operation owner","Exact demand-to-operation matrix; copied projection cannot lower or publish","23;47","supporting","high","needs_inventory"
"55","cross-crate adoption","tiering demand","placement recall and cold-tier requests to ordinary layout operation","forge-store-tiering plus layout projection","tiering/layout_projection","placement and recall projections","Consumer-facing projections can become parallel operational contracts","tiering owns demand; layout owner admits operation","tiering facade to layout operation facade","AdmittedTieringLayoutOperation","tiering executor; certification","projection modules","Inventory all tiering reads publications scans and recalls and consume exact owner capabilities","Hostile stale placement wrong family and copied projection cases","23;47","supporting","high","needs_inventory"
"56","cross-crate adoption","blob lifecycle demand","blob reachability retention reclaim compaction to ordinary layout operation","forge-store-blob-chunks plus layout projection","blob-chunks/layout_projection and handoffs","blob lifecycle projection rows and receipts","Blob domain can accidentally author layout readiness or compaction meaning","blob owner owns demand; layout and physical owners admit operations","blob facade to layout and physical operation facades","AdmittedBlobLayoutOperation or physical demand capability","blob lifecycle orchestration; certification","blob projection; test harness","Map every blob operation onto read publication compaction reclaim or scan owner capability","Real multi-GB lifecycle scenarios plus copied reachability and retention substitutions","23;47","supporting","high","needs_inventory"
"57","cross-crate adoption","backup import restore demand","operations requests to readmission and layout operations","forge-store-operations plus layout projection","operations/layout_projection","backup export import restore projections","Trust-boundary data may be treated as current layout or security authority","operations owns demand; security materialization and layout owners readmit","operations facade to owner facades","AdmittedImportOrRestoreLayoutOperation after current-scope readmission","operations executor; certification","deserialized bundle; projection; operator identity","Make every trust-boundary crossing regain current family key materialization and security authority before planning","Offline export different Store key generation and post-rotation restore hostile matrix","5;7;11;23;47","supporting","high","needs_inventory"
"58","courtroom","production scenario entry","fixture declarations to ordinary operation execution","forge-store-test-support","harness/layout and production_facade.rs","fixtures and production facade adapters","Test support can still prepare broad witnesses and may accidentally become an alternate authority lane","production owners; test support only builds raw worlds","test-support scenario builders","raw declarations physical worlds faults and requests only","certification courtroom","test support; certification","Remove all outcome fact readiness publication and owner-case constructors from support","Compile-fail test-support dependency cannot mint owner capabilities; scenario source residue gate","23;47","direct","critical","partial"
"59","courtroom","case coverage","ordinary outcomes to exhaustive verdict matrix","forge-store-certification","courtroom layout scenarios","representative runtime tests and compile-fail suites","Representative contains-one tests cannot prove every advertised owner case is reachable or distinct","certification observes owner inventories and production executions","courtroom/layout/owner_case_coverage","generated exact coverage matrix keyed by owner family and stable case id","humans; CI","certification-authored cases; catalog-only rows","Execute every owner case through production facade and compare exact sets","No missing extra merged or duplicate cases; all compile-fail fixtures fail for intended error not E0463","47;48;58","direct","critical","missing_capability"
"60","courtroom","architectural residue","source tree to boundary verdict","CI plus certification structural checks","compile-fail runners and ad hoc source assertions","privacy tests plus partial residue checks","Compile-fail proves selected impossibilities but does not prove parallel catalogs duplicate classifiers or milestone facades are absent","workspace CI","scripts/ci/check_layout_authority_topology","machine-readable forbidden-pattern and unique-owner checks","developers; runner","production crates","Add stable structural checks for duplicate classifiers outcome factories independent catalogs root logic and milestone vocabulary","CI command fails on seeded forbidden residues and passes current tree only after actual removal","16;21;47;49;51;52;53","direct","critical","missing"
"61","verification","dependency direction","semantic authority graph to Cargo graph","mixed","layout depends on physical format isolation recovery and lsm authority; dev dependencies cycle back through certification and test support","Cargo package boundaries and feature-gated authority","Feature names and dev cycles make the intended production DAG hard to see; lower crates must never depend on courtroom meaning","semantic owners above lower physical owners; courtroom depends downward only","Cargo.toml production dependencies","acyclic production authority graph with narrowly named test-only features","workspace tooling","lower crates; certification; test support","Document and mechanically assert production dependency direction and remove milestone feature names","cargo metadata DAG check; forbidden dependency matrix","33;38;41;58","direct","critical","partial"
"62","verification","warning integrity","compiler warnings to cutover confidence","workspace","cargo check with broad pre-existing warning backlog","warnings and dead-code signals","New dead compatibility lanes can hide inside existing noise and false completion can be declared","workspace CI","warning baselines by touched crate","zero new warnings and explicit shrinking baseline","developers; runner","none","Establish per-crate warning baseline then require no growth and zero warnings in migrated owner modules","Warning diff gate and dead-code check on cutover modules","52;53","direct","high","failed_gate"
"63","verification","command integrity","verification command to trusted result","workspace","focused cargo checks tests and compile-fail runners","manual command list","Wrong manifest workspace feature or missing crate failures can masquerade as architectural proof","workspace CI","phase34 verification script","one deterministic command running focused runtime compile-fail residue DAG and warning gates","developers; runner","none","Create a checked-in verification entrypoint with explicit nested manifest and feature matrix","Clean run records every expected suite and rejects E0463/environmental false positives","59;60;61;62","direct","critical","missing"
"64","completion","honest read-path closure","admitted request to certified owner execution","all owners above","current partial chain","mixed strong operation paths and missing admission topology boundaries","The system can execute important B-tree and LSM paths but cannot yet prove one uninterrupted unforgeable chain for every supported family and case","permanent domain owners","ordinary public facades plus cold topology aggregation","exact capability chain from admitted family through executed owner outcome","callers; S9; courtroom","catalogs; projections; fixtures; copied facts","Close every direct row then prove all supporting rows used without granting them semantic ownership","Exact family x operation x outcome matrix; all bypass compile-fail and residue gates; no warnings in migrated surface","5;7;11;13;14;16;19;21;23;24;25;27;28;29;30;31;32;39;44;46;47;48;49;51;58;59;60;61;62;63","direct","critical","not_complete"
