source_path,review_batch,action,status,resulting_paths,evidence
workspaces/forge-store/crates/forge-store-security/src/physical_security_metadata.rs,001-shared-semantics-production,split,complete,workspaces/forge-store/crates/forge-store-security/src/security_metadata.rs|workspaces/forge-store/crates/forge-store-security/src/security_metadata_canonical.rs|workspaces/forge-store/crates/forge-store-physical-format/src/security_metadata/envelope.rs|workspaces/forge-store/crates/forge-store-physical-format/src/security_metadata/authenticity_identity.rs,Semantic declarations and admission remain in security; physical envelopes and identity encoding are owned by physical-format.
workspaces/forge-store/crates/forge-store-security/src/layout_access/tests.rs,001-shared-semantics-production,split,complete,workspaces/forge-store/crates/forge-store-security/src/security_authority_source_tests.rs|workspaces/forge-store/crates/forge-store-layout-indexes/src/security_scope_projection_tests.rs,Security authority tests and layout projection tests now live beside their respective owners.
workspaces/forge-store/crates/forge-store-certification/src/s5_1_authenticity_integrity_separation_tests.rs,011-certification-production,split,complete,workspaces/forge-store/crates/forge-store-certification/src/s5_1_authenticity_integrity_separation_tests/mod.rs|workspaces/forge-store/crates/forge-store-certification/src/s5_1_authenticity_integrity_separation_tests/admission_outcomes.rs|workspaces/forge-store/crates/forge-store-certification/src/s5_1_authenticity_integrity_separation_tests/denial_outcomes.rs|workspaces/forge-store/crates/forge-store-certification/src/s5_1_authenticity_integrity_separation_tests/support.rs,Certification scenarios and shared setup are separated into focused modules with an aggregation-only facade.
workspaces/forge-store/crates/forge-store-certification/tests/s6_queue_execution_certification.rs,011-certification-production,split,complete,workspaces/forge-store/crates/forge-store-certification/tests/scheduler_queue_execution.rs|workspaces/forge-store/crates/forge-store-certification/tests/scheduler_queue_execution/grouping.rs|workspaces/forge-store/crates/forge-store-certification/tests/scheduler_queue_execution/secure_io_admission.rs|workspaces/forge-store/crates/forge-store-certification/tests/scheduler_queue_execution/backend_secure_io.rs|workspaces/forge-store/crates/forge-store-certification/tests/scheduler_queue_execution/support.rs,Queue-execution integration scenarios now use the permanent scheduler topology with shared admission setup and focused responsibility modules.
workspaces/forge-store/crates/forge-store-io-scheduler/src/s6_readiness/mod.rs,004-io-scheduler-production,merge,complete,workspaces/forge-store/crates/forge-store-io-scheduler/src/admission/mod.rs|workspaces/forge-store/crates/forge-store-io-scheduler/src/admission/isolation.rs|workspaces/forge-store/crates/forge-store-io-scheduler/src/admission/isolation_denial.rs|workspaces/forge-store/crates/forge-store-io-scheduler/src/admission/security_scope.rs,Scheduler admission now consumes the owner-issued isolation capability and admitted security evidence from its permanent admission facade.
workspaces/forge-store/crates/forge-store-io-scheduler/src/s6_readiness/admission.rs,004-io-scheduler-production,split,complete,workspaces/forge-store/crates/forge-store-io-scheduler/src/admission/isolation.rs,Isolation admission implementation and certification-only constructor gating are retained under scheduler admission.
workspaces/forge-store/crates/forge-store-io-scheduler/src/s6_readiness/security_scope_handoff.rs,004-io-scheduler-production,split,complete,workspaces/forge-store/crates/forge-store-io-scheduler/src/admission/security_scope.rs,Scheduler security admission consumes the admitted owner capability without issuing security ownership.
workspaces/forge-store/crates/forge-store-physical-certification/src/s7_closeout/denial.rs,012-physical-certification-production,merge,complete,workspaces/forge-store/crates/forge-store-certification/src/courtroom/blobs/closeout/source_denial.rs,Blob closeout source denials are courtroom-owned and no longer live in the reusable harness.
workspaces/forge-store/crates/forge-store-physical-certification/src/s7_closeout/mod.rs,012-physical-certification-production,merge,complete,workspaces/forge-store/crates/forge-store-certification/src/courtroom/blobs/closeout/mod.rs|workspaces/forge-store/crates/forge-store-certification/src/courtroom/blobs/closeout/materialization.rs|workspaces/forge-store/crates/forge-store-certification/src/courtroom/blobs/closeout/proof.rs|workspaces/forge-store/crates/forge-store-certification/src/courtroom/blobs/closeout/sources.rs,Blob closeout judgment is consolidated into the certification courtroom while physical certification remains a reusable harness.
workspaces/forge-store/crates/forge-store-physical-isolation/src/s6_handoff/mod.rs,003-integrity-isolation-wal-production,merge,complete,workspaces/forge-store/crates/forge-store-physical-isolation/src/readiness/mod.rs|workspaces/forge-store/crates/forge-store-physical-isolation/src/readiness/scheduler_capability.rs|workspaces/forge-store/crates/forge-store-physical-isolation/src/executed_isolation_evidence/mod.rs,Physical isolation now publishes executed-isolation evidence and its scheduler-facing capability from permanent readiness and evidence domains.
workspaces/forge-store/crates/forge-store-physical-isolation/src/s6_handoff/basis.rs,003-integrity-isolation-wal-production,split,complete,workspaces/forge-store/crates/forge-store-physical-isolation/src/readiness/isolation_evidence/basis.rs,Receipt-bound isolation basis and proof progression are retained with the scheduler capability boundary.
workspaces/forge-store/crates/forge-store-physical-isolation/src/s6_handoff/closeout/mod.rs,003-integrity-isolation-wal-production,split,complete,workspaces/forge-store/crates/forge-store-physical-isolation/src/executed_isolation_evidence/executed.rs|workspaces/forge-store/crates/forge-store-physical-isolation/src/executed_isolation_evidence/performance_receipt.rs|workspaces/forge-store/crates/forge-store-physical-isolation/src/executed_isolation_evidence/project_counters.rs,Executed evidence construction and counter receipts are owned by physical isolation rather than a milestone closeout facade.
workspaces/forge-store/crates/forge-store-physical-isolation/src/s6_handoff/readiness.rs,003-integrity-isolation-wal-production,split,complete,workspaces/forge-store/crates/forge-store-physical-isolation/src/readiness/scheduler_capability.rs,The scheduler-facing isolation capability is published only from executed evidence.
workspaces/forge-store/crates/forge-store-recovery-physics/src/s4_integrity_handoff_payload/mod.rs,003-integrity-isolation-wal-production,merge,complete,workspaces/forge-store/crates/forge-store-recovery-physics/src/integrity_handoff/mod.rs|workspaces/forge-store/crates/forge-store-recovery-physics/src/integrity_handoff/declaration.rs|workspaces/forge-store/crates/forge-store-recovery-physics/src/integrity_handoff/inspection_envelope.rs|workspaces/forge-store/crates/forge-store-recovery-physics/src/integrity_handoff/payload.rs,Recovery now owns a permanent integrity-handoff payload boundary with sealed declarations and bounded inspection evidence.
workspaces/forge-store/crates/forge-store-physical-backend/src/durability_ordering/tests.rs,002-buffer-backend-format-production,split,complete,workspaces/forge-store/crates/forge-store-physical-backend/src/durability_ordering/tests.rs|workspaces/forge-store/crates/forge-store-physical-backend/src/durability_ordering/tests/admission_posture.rs|workspaces/forge-store/crates/forge-store-physical-backend/src/durability_ordering/tests/execution_binding.rs|workspaces/forge-store/crates/forge-store-physical-backend/src/durability_ordering/tests/progression.rs,Durability scenarios are separated by admission posture execution binding and progression while the parent remains aggregation-only.
workspaces/forge-store/crates/forge-store-physical-backend/src/lib.rs,002-buffer-backend-format-production,split,complete,workspaces/forge-store/crates/forge-store-physical-backend/src/lib.rs|workspaces/forge-store/crates/forge-store-physical-backend/src/operation/mod.rs|workspaces/forge-store/crates/forge-store-physical-backend/src/operation/backend.rs,The crate root is aggregation-only and the backend contract plus operation mechanics live under operation/backend.
workspaces/forge-store/crates/forge-store-physical-format/src/facade/mod.rs,002-buffer-backend-format-production,split,complete,workspaces/forge-store/crates/forge-store-physical-format/src/facade/mod.rs|workspaces/forge-store/crates/forge-store-physical-format/src/facade/append.rs|workspaces/forge-store/crates/forge-store-physical-format/src/facade/physical_access.rs|workspaces/forge-store/crates/forge-store-physical-format/src/facade/reopen.rs|workspaces/forge-store/crates/forge-store-physical-format/src/facade/root_publication.rs|workspaces/forge-store/crates/forge-store-physical-format/src/facade/scan.rs|workspaces/forge-store/crates/forge-store-physical-format/src/facade/state.rs|workspaces/forge-store/crates/forge-store-physical-format/src/facade/vocabulary.rs,The facade module now aggregates focused physical open append read scan state and root-publication operations.
workspaces/forge-store/crates/forge-store-physical-format/src/layout_access/baseline_btree_counter_observation.rs,002-buffer-backend-format-production,split,complete,workspaces/forge-store/crates/forge-store-layout-indexes/src/strategy/btree/execution/mod.rs|workspaces/forge-store/crates/forge-store-layout-indexes/src/strategy/btree/execution/counters.rs|workspaces/forge-store/crates/forge-store-layout-indexes/src/strategy/btree/execution/outcome.rs|workspaces/forge-store/crates/forge-store-layout-indexes/src/execution/counter_witness.rs|workspaces/forge-store/crates/forge-store-test-support/src/harness/milestone/s8_layout_access/baseline_btree.rs|workspaces/forge-store/crates/forge-store-certification/src/baseline_btree_counter_evidence_tests.rs,Exact B-tree counters and plan-bound outcomes are strategy-owned while deterministic assembly and certification evidence live in test-support and certification.
workspaces/forge-store/crates/forge-store-physical-format/src/layout_access/baseline_btree_execution_witness.rs,002-buffer-backend-format-production,split,complete,workspaces/forge-store/crates/forge-store-layout-indexes/src/strategy/btree/execution/mod.rs|workspaces/forge-store/crates/forge-store-layout-indexes/src/strategy/btree/execution/node_codec.rs|workspaces/forge-store/crates/forge-store-layout-indexes/src/strategy/btree/execution/outcome.rs|workspaces/forge-store/crates/forge-store-layout-indexes/src/strategy/btree/execution/witness.rs|workspaces/forge-store/crates/forge-store-test-support/src/harness/milestone/s8_layout_access/baseline_btree.rs,Layout-indexes owns B-tree encoding plan binding and execution outcomes; physical-format supplies only physical facade mechanics and test-support supplies deterministic scenarios.
workspaces/forge-store/crates/forge-store-physical-format/src/layout_access/grammar.rs,002-buffer-backend-format-production,split,complete,workspaces/forge-store/crates/forge-store-physical-format/src/layout_access/grammar.rs|workspaces/forge-store/crates/forge-store-physical-format/src/facade/physical_access.rs|workspaces/forge-store/crates/forge-store-layout-indexes/src/physical_format_layout_access.rs,Physical-format retains concrete access vocabulary and compatibility constraints while empty phase admission tokens and their milestone-shaped strategy adapters are removed.
